post_title,post_url,comment,author,comment_score
AI headphones let wearer listen to a single person in a crowd by looking at them,https://news.ycombinator.com/item?id=40508278,"If the size could shrink to the size of a small earplug, I'd love to use this as a person who is not hearing-impaired (at least they couldn't diagnose me with it, so now I'm not sure if their diagnostics sucks, or I'm just a normal person and others pretend better that they hear everything well). In groups and with friends, it's inevitable that you end up in a busy restaurant or a bar, and it always frustrates me that I don't hear something, I ask the person to repeat only to not hear it again, ",serial_dev,0
AI headphones let wearer listen to a single person in a crowd by looking at them,https://news.ycombinator.com/item?id=40508278,"One thing that the HN crowd should appreciate is just how expensive and shit hearing aids are. go and look the up the price, they are deeply expensive, even for basic ""make it louder"" type aids. Worse still, because they interfere with your ear, you tend to loose the ability to ""steer"" your hearing. This means that you can't tune out other conversations&#x2F;noises or stuff. The one good side effect of facebook spending billions on its (probably) futile search for practical and popular AR is <a ",KaiserPro,0
AI headphones let wearer listen to a single person in a crowd by looking at them,https://news.ycombinator.com/item?id=40508278,"As somebody who is hearing impaired, a feature like this would be a Godsend for me! This feature should be integrated into hearing-aids ASAP! Shut up - no, actually - keep talking and take my money!",CodeCompost,0
AI headphones let wearer listen to a single person in a crowd by looking at them,https://news.ycombinator.com/item?id=40508278,"This but more advanced would quite nicely help with my tinnitus. I hear fine when one person is speaking (even softly and at a distance), but multiple or with music, I hear nothing.",anonzzzies,0
AI headphones let wearer listen to a single person in a crowd by looking at them,https://news.ycombinator.com/item?id=40508278,"Code: <a href=""https:&#x2F;&#x2F;github.com&#x2F;vb000&#x2F;LookOnceToHear"">https:&#x2F;&#x2F;github.com&#x2F;vb000&#x2F;LookOnceToHear</a>",toomuchtodo,0
AI headphones let wearer listen to a single person in a crowd by looking at them,https://news.ycombinator.com/item?id=40508278,I'll bet they achieve commercial success with the reverse application. Imagine being able to mute that one obnoxiously loud person with an annoying voice at a party!,foreigner,0
AI headphones let wearer listen to a single person in a crowd by looking at them,https://news.ycombinator.com/item?id=40508278,"I used to work at Sonos, long before their current app update debacle and headphone debut. During the first aborted product effort to develop headphones, we were looking at a conceptual feature similar to this - selectively allowing people’s voices through the ANC chipset. I don’t recall the exact approach the DSP folks were using (I was closer to the hardware for ANC) but they were really only able to figure out how to isolate the wearer’s voice by virtue of that signal having more power than a",cushychicken,0
AI headphones let wearer listen to a single person in a crowd by looking at them,https://news.ycombinator.com/item?id=40508278,"The open source code is at <a href=""https:&#x2F;&#x2F;github.com&#x2F;vb000&#x2F;LookOnceToHear"">https:&#x2F;&#x2F;github.com&#x2F;vb000&#x2F;LookOnceToHear</a> and the research paper is at <a href=""https:&#x2F;&#x2F;arxiv.org&#x2F;abs&#x2F;2405.06289"" rel=""nofollow"">https:&#x2F;&#x2F;arxiv.org&#x2F;abs&#x2F;2405.06289</a> So perhaps this is not as out of reach as many pop-science articles. I’d love to hear if anyone is able to get this working independently.",OkGoDoIt,0
AI headphones let wearer listen to a single person in a crowd by looking at them,https://news.ycombinator.com/item?id=40508278,"This could actually be really helpful to me, as I have trouble hearing someone speaking in a busy room because my mind is trying to pick up everything (I think this is because of my ADHD). Having a way to significantly quiet out other noises aside for the voice of the person I'm speaking with would be amazing.",chabad360,0
AI headphones let wearer listen to a single person in a crowd by looking at them,https://news.ycombinator.com/item?id=40508278,"A potential feature I didn't know I needed. Have headphones with ANC on around home all the time, would be really useful if it auto passthrough my partners voice.",maxglute,0
AI headphones let wearer listen to a single person in a crowd by looking at them,https://news.ycombinator.com/item?id=40508278,"They couldn't use this to listen to me. They would just get ""I am just a large language model, I can't help you with that."" I use a lot of curse words. ;)",gexla,0
AI headphones let wearer listen to a single person in a crowd by looking at them,https://news.ycombinator.com/item?id=40508278,Imagine it helping people with Autism and ADHD! ADHD people have hard time listening to 1 person because part of the brain tries to listen to all other conversations going around.,keploy,0
AI headphones let wearer listen to a single person in a crowd by looking at them,https://news.ycombinator.com/item?id=40508278,"This remembers me of NVIDIA RTX Voice [0].
Although not made to isolate single persons, this is quite impressive.
I hope that this single person isolation will find it's way to consumer noise-cancelling headphones [0] <a href=""https:&#x2F;&#x2F;www.youtube.com&#x2F;watch?v=uWUHkCgslNE"" rel=""nofollow"">https:&#x2F;&#x2F;www.youtube.com&#x2F;watch?v=uWUHkCgslNE</a>",i5heu,0
AI headphones let wearer listen to a single person in a crowd by looking at them,https://news.ycombinator.com/item?id=40508278,"I used to think of building something related to let a mic pick up a single person to handle questions from the audience,  during presentations. Will save the hassle of passing around mics. This looks like it could do just that with the headphones feeding directly into the mixer and behaving like a focused mic.",astatine,0
AI headphones let wearer listen to a single person in a crowd by looking at them,https://news.ycombinator.com/item?id=40508278,"When I was a youngling, I dreamed of having headphones with the opposite power -- muting specific people. For me, it's not the hubbub of a crowd that's distracting, it's usually one or two offending specimens - like in the video example, the inconsiderate vermin using a speakerphone in public. I wonder if the problem maps easily from ""select this source"" to ""select everything but that source""",btbuildem,0
AI headphones let wearer listen to a single person in a crowd by looking at them,https://news.ycombinator.com/item?id=40508278,"How much is the AI necessary for this? At least for the targeting of sounds in the line of sight, that should be fairly easy to do without AI, but I don’t know about the human voice identification.",amusingimpala75,0
AI headphones let wearer listen to a single person in a crowd by looking at them,https://news.ycombinator.com/item?id=40508278,"<a href=""https:&#x2F;&#x2F;en.m.wikipedia.org&#x2F;wiki&#x2F;Cocktail_party_effect"" rel=""nofollow"">https:&#x2F;&#x2F;en.m.wikipedia.org&#x2F;wiki&#x2F;Cocktail_party_effect</a>",29athrowaway,0
AI headphones let wearer listen to a single person in a crowd by looking at them,https://news.ycombinator.com/item?id=40508278,"The “cocktail party effect” externalized. Extremely cool. <a href=""https:&#x2F;&#x2F;en.m.wikipedia.org&#x2F;wiki&#x2F;Cocktail_party_effect"" rel=""nofollow"">https:&#x2F;&#x2F;en.m.wikipedia.org&#x2F;wiki&#x2F;Cocktail_party_effect</a>",adwi,0
AI headphones let wearer listen to a single person in a crowd by looking at them,https://news.ycombinator.com/item?id=40508278,"The concept of headphones in the last 60 years, with the exception of sound quality, comfort, and eventually being cordless.... they have not changed much in terms of style and appearance. However, I think in the next 50 years, headphones will disappear or.. should I say evolve as part of the human anatomy. Same thing for screen monitors, mouse&#x2F;keyboard, smartphones, etc. Think about it. The way things are going, along with ""AI"" (sure buzzword in a number of ways but something that will cha",masfoobar,0
AI headphones let wearer listen to a single person in a crowd by looking at them,https://news.ycombinator.com/item?id=40508278,"This reminds me a lot of <a href=""https:&#x2F;&#x2F;github.com&#x2F;xiph&#x2F;rnnoise"">https:&#x2F;&#x2F;github.com&#x2F;xiph&#x2F;rnnoise</a> and my use of it locally. It zeroes in on voice via RNN which seems to beat most other noise detection filters I've tried. Unfortunately, I mostly disable it these days since it's a bit harder to tune than I'm up for, but it's by far the most promising local noise reduction I've used.",andrewstuart2,0
AI headphones let wearer listen to a single person in a crowd by looking at them,https://news.ycombinator.com/item?id=40508278,"In my experience, most people don't seem to understand the concept of noise cancelling headphones and will still try to talk to people who clearly can't hear them. I can't imagine it'd be any different for these AI headphones in practical use. Probably worse because the person you're actually trying to talk to might think you can't hear them.",bdw5204,0
AI headphones let wearer listen to a single person in a crowd by looking at them,https://news.ycombinator.com/item?id=40508278,"Bit annoying that they added ambient music over the demo youtube video, spoiling the one thing you want to demonstrate.",briansm,0
AI headphones let wearer listen to a single person in a crowd by looking at them,https://news.ycombinator.com/item?id=40508278,"Pretty cool what they are working on. However, I wished there would be more funding for restoring hair cells which are the root cause for most people with hearing loss. Researchers are getting closer. Dr. Chen from Harvard was able to regenerate hair cells in mature mice last year. The problem is also becoming more widespread. 30 Mio people in the US and 400 Mio people worldwide have disabling hearing loss. Regenerating hair cells and the synapses around them would also cure Tinnitus. 30 Mio x $",ck_one,0
AI headphones let wearer listen to a single person in a crowd by looking at them,https://news.ycombinator.com/item?id=40508278,Sounds like a great way to spy on all people and extract all conversations. I can't wait for judges to declare that all conversation at your office must be recorded like some of them have for chat. This tech is a step to enable such a thing.,nox101,0
AI headphones let wearer listen to a single person in a crowd by looking at them,https://news.ycombinator.com/item?id=40508278,"I hope it's not just a prototype press release, will help people with hearing loss..",keploy,0
AI headphones let wearer listen to a single person in a crowd by looking at them,https://news.ycombinator.com/item?id=40508278,Presumably the tv ad would feature Gene Hackman. Edit: an AI simulation of Gene Hackman.,dboreham,0
AI headphones let wearer listen to a single person in a crowd by looking at them,https://news.ycombinator.com/item?id=40508278,"Before getting all excited that your ML model runs on your brand new 2024 macbook, before you run off to create earbuds &#x2F; hearing aids with it, please try to run it on-target and see whether your model runs within your runtime budget &#x2F; power budget &#x2F; device size budget &#x2F; battery life budget. And make sure if you're going to do bluetooth + wireless, remember that both bluetooth and wifi transmit on 2.4 GHz, and need to coordinate in order to coexist in the same IoT device. The",chrisknyfe,0
AI headphones let wearer listen to a single person in a crowd by looking at them,https://news.ycombinator.com/item?id=40508278,"Presumably this could be used to block out specific voices&#x2F;sounds. There's an episode of the sci-fi show Black Mirror (White Christmas), where a person is convicted of some hideous crime and permanently blocked&#x2F;made invisible and inaudible from everyone (the entire population has embedded audio&#x2F;video processing enhancements by then). You can imagine future headphones where you could block out the guy in your office with the annoying laugh our download 'blocks' from the headphone a",helsinkiandrew,0
AI headphones let wearer listen to a single person in a crowd by looking at them,https://news.ycombinator.com/item?id=40508278,Their paper is quoting an end-to-end latency of under 20ms… so impressive!,cush,0
AI headphones let wearer listen to a single person in a crowd by looking at them,https://news.ycombinator.com/item?id=40508278,"Curious what sort of processing power or chipsets the 'onboard embedded computer' needs. Could this be an iPhone app? Or is this going to require new, specialized hardware to commoditize?",stubish,0
"I still miss my headphone jack, and I want it back",https://news.ycombinator.com/item?id=18538881,"We need to take into account _Accessibility_. A large use case that I've found most people seems to miss are individuals who are older and don't have much experience with bluetooth or wireless technology. I'm fine with Apple removing the headphone jack, but they've alienated so many people to find their own path when they don't include the adapter. Anecdotal example: I recently purchased headphones for my 65-year old father and showed him how to use it, in preparation for his ""headphone jack-les",pookieinc,0
"I still miss my headphone jack, and I want it back",https://news.ycombinator.com/item?id=18538881,"100% agree with this. Its pretty interesting that I almost never use headphones anymore now because bluetooth headphones require a few things:
1) preplanning&#x2F;foresight in charging the headphones
2) refer to number 1. I have 2 really nice pairs of bluetooth headphones, and almost NEVER use them. Guess what pair gets used almost daily? my 15 year old beyerdynamic DT770s. 3.5mm or ¼"" plug, closed back. Not really the most accurate, but a nice bass heavy rich sound and plenty loud. they work wi",S_A_P,0
"I still miss my headphone jack, and I want it back",https://news.ycombinator.com/item?id=18538881,"The blog ends with the best and most insightful comment: And no human’s life is measurably better since Apple had the “courage” to remove the 3.5 mm jack. But a lot of our lives are just a little worse. The author also points towards active de-standardisation between Android and iOS: ""if only there was one universal audio port they both could use"" Apple gets an advantage from this with their iron-grip on compatible peripherals, but I don't know why any of the Android manufacturers would follow s",BLKNSLVR,0
"I still miss my headphone jack, and I want it back",https://news.ycombinator.com/item?id=18538881,"Apple has had great success in the past by pushing new standards in computer peripherals, deprecating old standards, and generally moving the industry forward by fiat. I think we've all benefitted somewhat from this attitude, even if it was inconvenient. The distinction here is that the 3.5mm standard isn't&#x2F;wasn't a computer peripheral standard. It is&#x2F;was an audio industry standard. There are many uses for 3.5mm that have nothing to do with phones&#x2F;tablets&#x2F;laptops&#x2F;desktop",whiddershins,0
"I still miss my headphone jack, and I want it back",https://news.ycombinator.com/item?id=18538881,"One of the things I feel happens in the tech world is innovation for innovation’s sake. In my opinion, “Real innovation” solves problems. What was the problem Apple was really trying to solve by removing the jack? The only thing I can come up with is to allow a “thinner” design. In all the previous “radical changes”, they created a “better solution” to a problem. Take the removal of Floppies or CD drives, in both cases, the problem was getting data onto the machine efficiently. In both cases tec",aerophilic,0
"I still miss my headphone jack, and I want it back",https://news.ycombinator.com/item?id=18538881,"Apple and Google seem to have approached removing the headphone jack, not as a way to reduce costs to the customer by eliminating an obsolete feature they don't use but, instead, as a way to increase the money they can squeeze out of customers by forcing them to replace perfectly good headphones they are currently using with new headphones hopefully made by Apple or Google. I'm honestly not surprised by this.  Headphone technology hasn't really changed for many decades.  A good pair of cans made",beloch,0
"I still miss my headphone jack, and I want it back",https://news.ycombinator.com/item?id=18538881,"Its sad to see the contortions my boyfriend makes to support his purchase of a headphone jack free android, despite his desire for high quality audio (he hates bluetooth with a passion). USB C to 3.5mm adapters are cheap, but break at the drop of a hat. His integrated speaker meanwhile has blown, and makes for terrible calls. Headphone jacks serve a useful purpose, most phones could still have them without compromising other properties, but its been made fashionable to go without.",metildaa,0
"I still miss my headphone jack, and I want it back",https://news.ycombinator.com/item?id=18538881,"Rather than getting into the ins and outs of why they did it, who misses the jack, who doesn't, why can't we just agree based on the wealth of commentary here and elsewhere that for a significant minority - possibly even a very large minority - this removal represents a disproportionately high impact change? It's like admitting that people are entitled to mourn the removal of the jack is part of a slippery slope toward admitting that Apple - gasp - made a mistake, and that's just untenable. Appl",brianmcc,0
"I still miss my headphone jack, and I want it back",https://news.ycombinator.com/item?id=18538881,"While we're whinging about loss of headphone jacks, lets add latency! Apple have always pushed their kit as being friendly for musicians and such. Now try playing an iOS MIDI instrument over bluetooth - with ~200ms delay between you hitting a key and hearing it. Useless and infuriating. So back to the dongle it is. Except of course if you want to charge and listen at the same time (which, you know, tends to happen when you are running a few power-hungry audio apps).",mangecoeur,0
"I still miss my headphone jack, and I want it back",https://news.ycombinator.com/item?id=18538881,"The most annoying thing about the missing headphone jack, is the missing headphone jack on other people's phones. The people who ride public transport blaring bad music without headphones. Because Bluetooth headsets are a pain and the overlap between a) the type of person willing to annoy an entire carful of passengers and b) the type of person unable to manage the planning of wireless headphone charing ahead of time is nearly 100%. And now that the cultural prohibition against making unnecessar",rabboRubble,0
"I still miss my headphone jack, and I want it back",https://news.ycombinator.com/item?id=18538881,"USB-C audio wouldn't suck if: a) there was a standard protocol for a USB-C DAC that everyone supported (across desktop and mobile OSes) such that an end consumer could purchase a USB-C DAC and be reasonably confident that it'll work universally, b) phones came with more than one USB-C port, such that playing and charging at the same time wouldn't be an issue If anything, USB-C should've been a revolution, pushing the DAC closer to the speakers can help improve audio quality and getting rid of th",solatic,0
"I still miss my headphone jack, and I want it back",https://news.ycombinator.com/item?id=18538881,"After saying I'd never get a phone without a headphone jack until Bluetooth codecs improved, I ended up getting a Pixel2XL through ""reward points"".  It's a great phone ... and I've ""only"" been needed a headphone jack a dozen or so times in the six months I've had it. Not for headphone, but for other audio input or output requirements. What an absolutely idiotic idea. I've started leaving those stupid dongles everywhere, but even they don't for with everything. Fashion over function, with an eye ",Nerdfest,0
"I still miss my headphone jack, and I want it back",https://news.ycombinator.com/item?id=18538881,"I'm holding onto my 6s+ with a death grip. If they had replaced the 3.5mm with another lightning port, I would have upgraded by now.  This single port thing is just silly.  Same thing with the latest Macbook Pros, the switch to USB-C doesn't bother me, the low number of ports does.",c17r,0
"I still miss my headphone jack, and I want it back",https://news.ycombinator.com/item?id=18538881,I used to always carry a Y adapter so I could share my music with whoever I'm traveling with. No more of that :( If any of you know Asian style box karaoke (small private rooms for 4 to 16 people) some places let you plug in external input... but of course they only have headphone cables so none of that anymore. I suppose they're supposed to some how setup Apple TV&#x2F;Chromecast in every room? Here in Tokyo anytime I enter a crowded train station or a crowded intersection my Airpods basically ,tokyodude,0
"I still miss my headphone jack, and I want it back",https://news.ycombinator.com/item?id=18538881,"Right now if you buy a macbook and an iPhone, you will get: An iPhone with no headphone jack,
a pair of lightning headphones,
a lightning to usb charging cable A macbook with a headphone jack and no usb ports. Out of the box you cannot charge your phone with your laptop, or use either headphones for either.  They could very well be made by separate companies.  They have Zero out of the box connectivity with each other.  I don't care what anyone has to say about usb-c and the future: this is a st",tomlum,0
"I still miss my headphone jack, and I want it back",https://news.ycombinator.com/item?id=18538881,I'm voting with my wallet. My household will never have a phone that is missing the 3.5mm jack.,mark-r,0
"I still miss my headphone jack, and I want it back",https://news.ycombinator.com/item?id=18538881,"An unrelated note: there seems to be lot of comments in this thread that are downvoted just because people disagree with them. I would prefer a culture where comments that you agree with are upvoted, comments that you disagree on you offer an alternative point of view, and only comments that are completely deragatory to the quality of discussion are downvoted. Thanks! And yeah, I love my 3.5 mm jacks, sometimes tech matures to a point where it really does not need to change for centuries.",fsloth,0
"I still miss my headphone jack, and I want it back",https://news.ycombinator.com/item?id=18538881,"My questions are: 1. What's the value of a wireless connection to a device you'll be touching when you use it anyway? 2. Assuming you value ""no cord tangles"" so highly that you're willing to put up with Bluetooth, charging your headphones, risking dropping your AirPods down a storm drain, etc, why can't the rest of us just have the jack as an option? Nobody's saying ""remove Bluetooth."" 3. What about the value of loose coupling and backward and forward compatibility? Given a couple adapters, I ca",nathan_long,0
"I still miss my headphone jack, and I want it back",https://news.ycombinator.com/item?id=18538881,I've hung onto my first generation Pixel for largely this reason.  There isn't a lot in the new models to entice me to switch however the loss of the 3.5mm port was the tipping point for me not to purchase either of the updates.  I just put a new factory battery in my Pixel ($90 CAD) and it's back to like new again.  At the moment I think I'll hold on to it for at least another year.,51Cards,0
"I still miss my headphone jack, and I want it back",https://news.ycombinator.com/item?id=18538881,"I don't miss the headphone jack a bit. Apple forced me into trying bluetooth headphones and so far I've not looked back. For cases when I want a cabled connection after all (like in airplanes), I just use the adapter. I had it a few times in the past that I used cabled headphones, ripped on the cable and smacked my phone on the floor by accident.",dvcrn,0
"I still miss my headphone jack, and I want it back",https://news.ycombinator.com/item?id=18538881,"Apple's removal of the headphone jack wasn't ""courage.""  Courage was Steve Jobs determining that pen tablets weren't viable back in 2000 and knowing later just when touch tablets were ready for the public. What Apple did was fail to realize that Bluetooth headphones are still a bit awkward and not quite ready for mainstream ubiquity. Instead, they took away something that just works and replaced it with something a bit over-complicated that is nifty in a propeller-head way. It was the opposite o",stcredzero,0
"I still miss my headphone jack, and I want it back",https://news.ycombinator.com/item?id=18538881,"I still want to be able to charge my phone and listen to music using the headphone jack. How is that not even a use case anymore? I don’t like the AirPods because they are too easy to lose, and I’m so clumsy with headphones that I buy cheap ones every month, which comes with headphone jack only. I think Apple made a very bad UX, and never cared about users. I moved to Android phones as a result, which frankly aren’t as inferior as they used to be 4 years ago.",sidchilling,0
"I still miss my headphone jack, and I want it back",https://news.ycombinator.com/item?id=18538881,"I am an audiophile and I don't miss the headphone jack at all. I've always hated the headphone jack on most phones since  most of them are inherently low quality. If you have a high end headphone then the weakest link usually is the DAC ( Digital to Analog ) chip on your device. While there are some devices which are made with high fidelity audio in mind ( LG V30 which does come with a headphone jack ), most of the devices in the market aren't. Also good high fidelity headphones usually have hig",me551ah,0
"I still miss my headphone jack, and I want it back",https://news.ycombinator.com/item?id=18538881,"I’ve tried AirPods, which sounded ok, but they fall out. The included headphones don’t sound good (and also fall out) compared to any of the headphones I already own. I’ve been to the Apple store four times in the last year and had to sit and wait to get a dongle replaced. Once, while in another country the adaptor just quit working. They had a certified Apple store, but the dongle was out of stock so I had to wait four days for one. The second day of waiting was in a motorcycle accident which l",capedape,0
"I still miss my headphone jack, and I want it back",https://news.ycombinator.com/item?id=18538881,"I don't think I've ever used my phone headphone jack (still 3.5mm), but I will absolutely never buy a laptop without 3.5mm. The article is spot on, no-one is served by this change, except manufacturers.",jacknews,0
"I still miss my headphone jack, and I want it back",https://news.ycombinator.com/item?id=18538881,"I flat out will not buy a phone without a headphone jack, and I cannot see this changing in the forseeable future. Anything that could be added to a new phone model—a better screen, a faster processor, a better camera, etc—will not be enough to offset the inconvenience of being unable to listen to an audiobook on the subway because I inevitably forgot the damn adapter. As long as there is one phone with a headphone jack, that is the one I will buy. If the only options are older devices, I will b",Wowfunhappy,0
"I still miss my headphone jack, and I want it back",https://news.ycombinator.com/item?id=18538881,Just bought an iPhone 6S four days ago because of this and the physical home button. $140 brand new.,ggg9990,0
"I still miss my headphone jack, and I want it back",https://news.ycombinator.com/item?id=18538881,"Haha, I literally just got Amazoned this £130.00 order to enable me to use headphones with HQ sound AND mic WHILE charging my new iPad Pro 11"", which only has USB-C: <pre><code>  - http:&#x2F;&#x2F;amzn.eu&#x2F;d&#x2F;dm8vC88
  - http:&#x2F;&#x2F;amzn.eu&#x2F;d&#x2F;0o5f4JK
</code></pre>
And I KNOW I'm going to have a 50% chance this works, and 0% chance this works without either software or hardware problems. I'm psychologically for the random audio drop-outs and glitches when I slightly reposi",KuhlMensch,0
"I still miss my headphone jack, and I want it back",https://news.ycombinator.com/item?id=18538881,"It feels to me like Bluetooth consumer products are a lot like consumer printers; for 90+% of users they will be obsolete before they ""just work"" to any layperson's definition. Every Christmas, you will have to fix your parents printer&#x2F;wireless home device which hasn't worked for months and won't work in 2 months.",rovek,0
"I still miss my headphone jack, and I want it back",https://news.ycombinator.com/item?id=18538881,"This hasn't bothered me in the least and I was fine with the change. Before I bought an iPhone without the headphone jack I bought a SoundBlaster bluetooth adapter for my wired headphones - which I'm quite fond of - and so continued to use my wired headphones.  I've only got the one set of headphones, so they stay permanently plugged into the Sound Blaster device.  I'll keep it until my wired headphones die or until there are a set of bluetooth headphones with a good fit and good battery life. <",murraybhenson,0
Škoda DuoBell: A bicycle bell that penetrates noise-cancelling headphones,https://news.ycombinator.com/item?id=47687248,"This seems to be part of a type of brand marketing where a brand claims it has invented something, but the only thing that ever exists of significant economic value is the attention raised by the promo video &#x2F; article. Not the thing&#x2F;service. Examples: - Samsung safety truck <a href=""https:&#x2F;&#x2F;www.youtube.com&#x2F;watch?v=6GNGfse9ZK8"" rel=""nofollow"">https:&#x2F;&#x2F;www.youtube.com&#x2F;watch?v=6GNGfse9ZK8</a> - Citroën motion sickness glasses <a href=""https:&#x2F;&#x2F;www.you",Coeur,0
Škoda DuoBell: A bicycle bell that penetrates noise-cancelling headphones,https://news.ycombinator.com/item?id=47687248,"Coincidentally, I bought a 12v car horn yesterday with the intent of wiring it into my ebike's power supply with a little button on my handlebars. Not because of other cyclists or pedestrians wearing (anc) headphones but because modern cars are so heavily sound-proofed they don't hear a bicycle bell anymore. A recent incident with an inattentive taxi driver in a brand new EV nearly flattening me prompted me to want to pursue this. I'm still waiting for my cheap AliExpress dc-to-dc step down conv",michh,0
Škoda DuoBell: A bicycle bell that penetrates noise-cancelling headphones,https://news.ycombinator.com/item?id=47687248,"I'm very sceptical of their claims that ~780Hz is in some way special, especially the way they represent it graphically. Playing a frequency sweep while wearing WH-1000XM3 headphones, I don't notice any particular drop-off there. Near where I live, heavy goods vehicles are fitted with reversing indicators that make a ""cshh cshh cshh"" sound i.e. pulsed white-noise. White noise like that is the hardest for ANC to cancel. Sample: <a href=""https:&#x2F;&#x2F;www.youtube.com&#x2F;watch?v=A3Wt1_51EVA"" ",Retr0id,0
Škoda DuoBell: A bicycle bell that penetrates noise-cancelling headphones,https://news.ycombinator.com/item?id=47687248,"Do horns and bells really prevent accidents? In order for e.g. a horn to work you need enough time that the driver processes the situation and decides the horn will communicate something AND enough time for the pedestrian or whatever to process that and react to it.  Generally it's a lot easier just to press the brake, and more importantly be travelling at a speed and in a manner where the brake is sufficient. Structurally, we'd be much better off reducing conflicts between the different tiers o",0x3f,0
Škoda DuoBell: A bicycle bell that penetrates noise-cancelling headphones,https://news.ycombinator.com/item?id=47687248,"In the scenario presented (London, mostly not segregated bike paths), the solution is for the cyclist to ride in a way they're not endangering pedestrians. There's even a fairly recent UK law (<a href=""https:&#x2F;&#x2F;www.gov.uk&#x2F;government&#x2F;news&#x2F;the-highway-code-8-changes-you-need-to-know-from-29-january-2022"" rel=""nofollow"">https:&#x2F;&#x2F;www.gov.uk&#x2F;government&#x2F;news&#x2F;the-highway-code-8-change...</a>) that more or less says in a collision, the ""stronger"" road user",red_admiral,0
Škoda DuoBell: A bicycle bell that penetrates noise-cancelling headphones,https://news.ycombinator.com/item?id=47687248,Seems to be some misunderstanding of what bike bells are for here... A bell is helpful in a situation where a pedestrian is not aware of an approaching bike. The bell informs the pedestrian of two things: 1. That there is an approaching bike. 2. Roughly were the bike is approaching from. The hope is that the pedestrian will then behave in a predictable way to allow a safe pass by the bike. In almost all cases the pedestrian will be able to simply continue doing what they were doing before they h,upofadown,0
Škoda DuoBell: A bicycle bell that penetrates noise-cancelling headphones,https://news.ycombinator.com/item?id=47687248,"I think it's time for some sort of a safety standard for a sound frequency to be reserved exclusively for alarm&#x2F;alert use and that ANC systems have to let through. It goes without saying, use of said frequency should be prohibited for other purposes, especially marketing.",ahmedfromtunis,0
Škoda DuoBell: A bicycle bell that penetrates noise-cancelling headphones,https://news.ycombinator.com/item?id=47687248,Is there an interpretation of the Computer Fraud and Abuse Act where using this bicycle bell to circumvent the computer system used in your headphones for active noise cancellation would be a federal felony in the United States?,jmalicki,0
Škoda DuoBell: A bicycle bell that penetrates noise-cancelling headphones,https://news.ycombinator.com/item?id=47687248,"Over engineering in real life, solving lack of common sense by introducing a solution where the cyclist is paying. I think the solution is nice for sure, but solving the wrong problem.",Oras,0
Škoda DuoBell: A bicycle bell that penetrates noise-cancelling headphones,https://news.ycombinator.com/item?id=47687248,"Through acoustic testing, the research team identified a narrow frequency band – a “safety gap” – capable of penetrating ANC headphone filters. This range lies between 750 and 780 Hz. Building an entire product around EQ crossover frequencies (which are not standardized or regulated in any way) seems a bit risky to me. Those are things that could change at any time, as could the shapes of the EQ curves themselves. there are fads in engineering design like anything else and in this wholly digital",anigbrowl,0
Škoda DuoBell: A bicycle bell that penetrates noise-cancelling headphones,https://news.ycombinator.com/item?id=47687248,"Next challange: Place a camera in front of the bike that scans approaching pedestrians. Calculate their head position and trajectory. Use directional speakers and focused sound beams to focus the ~780Hz sound towards the head(s) of the pedestrian(s). Now that you are not bothering the environment as much, you can increase the volume as well.",laydn,0
Škoda DuoBell: A bicycle bell that penetrates noise-cancelling headphones,https://news.ycombinator.com/item?id=47687248,Can't wait for a headphone commercial that claims that their ANC is so good you won't hear those annoying bicycle bells :),ivanjermakov,0
Škoda DuoBell: A bicycle bell that penetrates noise-cancelling headphones,https://news.ycombinator.com/item?id=47687248,"This may also be of interest to people - emulating a car horn for bikes <a href=""https:&#x2F;&#x2F;loudbicycle.com&#x2F;"" rel=""nofollow"">https:&#x2F;&#x2F;loudbicycle.com&#x2F;</a> (of course, there's also the locomotive horn, but the equipment required is a bit impractical - <a href=""https:&#x2F;&#x2F;www.youtube.com&#x2F;watch?v=XTQSWtK65PE"" rel=""nofollow"">https:&#x2F;&#x2F;www.youtube.com&#x2F;watch?v=XTQSWtK65PE</a>)",CalRobert,0
Škoda DuoBell: A bicycle bell that penetrates noise-cancelling headphones,https://news.ycombinator.com/item?id=47687248,"After 10+ year biking in Amsterdam I never use my bicycle bell. Instead I try to predict their trajectory and steer around it, way more predictable because everyone responds differently",kribbi,0
Škoda DuoBell: A bicycle bell that penetrates noise-cancelling headphones,https://news.ycombinator.com/item?id=47687248,"People use their ears to navigate traffic (as non-car-users) much more than they realize.  There's a reason kids need to be drilled in ""look both ways before crossing the street"" - you can hear that there's no car coming, what's the problem?  There's a reason electric cars need to make that strange noise so you can, in fact, hear them coming.  Absolutely a headphone user, with not only ANC to reduce external noises but loud music to mask them, is missing a primary sense for navigating traffic.  ",MarkusWandel,0
Škoda DuoBell: A bicycle bell that penetrates noise-cancelling headphones,https://news.ycombinator.com/item?id=47687248,"This bell would be illegal in Denmark, where our laws clearly state that you are only allowed one signal giving device and that any signal giving devices attached to vehicles (including bikes) can only produce one constant sound. How this would be enforced is a different topic.",madsohm,0
Škoda DuoBell: A bicycle bell that penetrates noise-cancelling headphones,https://news.ycombinator.com/item?id=47687248,"Video version which has more detail than the text: <a href=""https:&#x2F;&#x2F;youtu.be&#x2F;zDaVPfpQvPI?is=sSyjXf07r9cg9r4Y"" rel=""nofollow"">https:&#x2F;&#x2F;youtu.be&#x2F;zDaVPfpQvPI?is=sSyjXf07r9cg9r4Y</a> Bit cringe marketing though.",croemer,0
Škoda DuoBell: A bicycle bell that penetrates noise-cancelling headphones,https://news.ycombinator.com/item?id=47687248,"Draw a line, say this is for bicycles, pedestrians and cars have no business here, and bikes have no business being on any other lane as long as these exist. When bikes have to go through areas where people walk freely, they need to limit  their speed to a walking pace. People should not wear headphones (noise-cancelling or not) when going through traffic as pedestrians. Take them off when crossing! People should not hear loud music when driving - max is normal speaking voice level. Bike drivers",patates,0
Škoda DuoBell: A bicycle bell that penetrates noise-cancelling headphones,https://news.ycombinator.com/item?id=47687248,It's almost hilarious that such efforts are spent on bicycle bells while emergency vehicles are featuring deafeningly loud alarms to penetrate the sound isolation of cars.,unglaublich,0
Škoda DuoBell: A bicycle bell that penetrates noise-cancelling headphones,https://news.ycombinator.com/item?id=47687248,"Begun, the noise-cancelling wars have.",cool-RR,0
Škoda DuoBell: A bicycle bell that penetrates noise-cancelling headphones,https://news.ycombinator.com/item?id=47687248,"Great idea, kinda ridiculous they tested it in VR and not out there in real life, since it is a bell, not a car they need to manufacture to test it.",elAhmo,0
Škoda DuoBell: A bicycle bell that penetrates noise-cancelling headphones,https://news.ycombinator.com/item?id=47687248,For a moment I thought this was an April fools joke product. Pretty cool though!,fnands,0
Škoda DuoBell: A bicycle bell that penetrates noise-cancelling headphones,https://news.ycombinator.com/item?id=47687248,"It's hard for me to understand why people choose to walk around in public wearing headphones. I'm aware that it's incredibly common, but you put yourself at risk of theft, accident, and of course the mild hearing loss that accompanies _any_ frequent headphone usage. In the case of both theft and accident, you cannot hear your assailant coming, and miss the queues that would otherwise keep you safe.",everdrive,0
Škoda DuoBell: A bicycle bell that penetrates noise-cancelling headphones,https://news.ycombinator.com/item?id=47687248,"Cool idea. But bizarre that they worked with Deliveroo. Bike bells were designed for a time when cyclists travelled at speeds where you could safely get out of the way. Most ""independent"" cyclists do cycle safely. But delivery riders for delivery platforms commonly use illegally modified e-bikes. Platforms have the GPS data. They must know. They could make huge improvements in safety by actively preventing the use of illegally modified e-bikes that travel too fast.",afandian,0
Škoda DuoBell: A bicycle bell that penetrates noise-cancelling headphones,https://news.ycombinator.com/item?id=47687248,"It's mildly interesting, but ultimately it's just a little greenwashing project. They even painted it green to make that clear :)",dasKrokodil,0
Škoda DuoBell: A bicycle bell that penetrates noise-cancelling headphones,https://news.ycombinator.com/item?id=47687248,I've noticed some trains are playing extremely loud announcements (Elizabeth line for example) which makes me think they're trying to penetrate headphones and earphones Guess why I wear noise cancelling headphones on trains? Because of the excessive announcements! (I mean seriously excessive. Because in the UK the answer to everything is to create another announcement or poster) We need to stop the arms race,gib444,0
Škoda DuoBell: A bicycle bell that penetrates noise-cancelling headphones,https://news.ycombinator.com/item?id=47687248,"It is amazing they openly shared their findings [0], but one thing I am missing is what this design would cost if put into mass production. To the biggest layman possible, it reads like while the design is clever and would be more expensive by virtue of more materials&#x2F;size alone, it's not impractical, but maybe someone more informed on this type of manufacturing can correct my ignorance. If that's the case, hopefully we'll see these designs on the market soon as even with music+ANC, I have ",Topfi,0
Škoda DuoBell: A bicycle bell that penetrates noise-cancelling headphones,https://news.ycombinator.com/item?id=47687248,"You could also not blast past me on the path, yes I am off to one side, and no I don't wear headphones outside.",ChoGGi,0
Škoda DuoBell: A bicycle bell that penetrates noise-cancelling headphones,https://news.ycombinator.com/item?id=47687248,"Well, if you’re on a bicycle and you can see the pedestrian is not paying attention (whether they are on the noise-canceling headphones or are deaf themselves)… do the right thing and proceed with caution. Assume they don’t see you and prepare to stop. Wait for visual confirmation that they saw you. That will eliminate the bulk of traffic “accidents” involving bicycle and pedestrian; it’s expected and common to do this in the Netherlands.",deafpolygon,0
Škoda DuoBell: A bicycle bell that penetrates noise-cancelling headphones,https://news.ycombinator.com/item?id=47687248,"My horn is my larynx. I usually belt out “please don’t kill me” in a stern voice-of-command at my “max volume.” A loud voice travels very well through car windows at short distances, even for big soundproof vehicles.",cobbzilla,0
Bluetooth Headphone Jacking: A Key to Your Phone [video],https://news.ycombinator.com/item?id=46453204,"Glad this submission is finally receiving upvotes. This was just shown at the 39C3 in Hamburg, few days back. Common (unpached) Bluetooth headsets using Airoha's SoCs can be completely taken over by any unauthenticated bystander with a Linux laptop. (CVE-2025-20700, CVE-2025-20701, CVE-2025-20702) This includes firmware dumps, user preferences, Bluetooth Classic session keys, current playing track, ... > Examples of affected vendors and devices are Sony (e.g., WH1000-XM5, WH1000-XM6, WF-1000XM5)",miduil,0
Bluetooth Headphone Jacking: A Key to Your Phone [video],https://news.ycombinator.com/item?id=46453204,"And everyone got mad at OpenBSD for refusing to develop bluetooth. It’s a messy standard and we shouldn’t be surprised that the race to the bottom has left some major gaps.. though Sony WH1000’s are premium tier hardware and they have no real excuses.. I always wondered how people could justify the growth of the bluetooth headphone market in such a way.. Everyone seems to use bluetooth headphones exclusively (in Sweden at least), I’m guilty of buying into it too (I own both Airpods Pro’s and the",dijit,0
Bluetooth Headphone Jacking: A Key to Your Phone [video],https://news.ycombinator.com/item?id=46453204,"I didn't see a summary in here so based on my reading: <pre><code>  * Certain headset devices from varying vendors have crappy BT security over both bluetooth classic and BLE
  * They implement a custom protocol called RACE which can do certain things with no authentication at all
  * One of the things RACE lets you do is read arbitrary memory and exfiltrate keys needed to impersonate the vulnerable device with your already-paired phone
  * Once you're impersonating the vulnerable device you can",cloudfudge,0
Bluetooth Headphone Jacking: A Key to Your Phone [video],https://news.ycombinator.com/item?id=46453204,"I don't have time right now to watch the video and will be coming back to do so later, but here's a couple of snippets from the text on that page that made me want to bother watching (either they're overhyping it, or it sounds interesting and significant) > The identified vulnerabilities may allow a complete device compromise. We demonstrate the immediate impact using a pair of current-generation headphones. We also demonstrate how a compromised Bluetooth peripheral can be abused to attack paire",swores,0
Bluetooth Headphone Jacking: A Key to Your Phone [video],https://news.ycombinator.com/item?id=46453204,"Meanwhile all the phones dropping jack because Apple started it. Official reason is to ""waterproof phones""",p0w3n3d,0
Bluetooth Headphone Jacking: A Key to Your Phone [video],https://news.ycombinator.com/item?id=46453204,"Haven't watched the video yet, but I think this capability was leaked by VP Kamala Harris during her recent interview with the Late Night Show [0]. She stated she doesn't use wireless headphones because she's been in security meetings and knows they're not safe. [0] <a href=""https:&#x2F;&#x2F;youtu.be&#x2F;BD8Nf09z_38"" rel=""nofollow"">https:&#x2F;&#x2F;youtu.be&#x2F;BD8Nf09z_38</a> (Timestamp 18:40)",TheAceOfHearts,0
Bluetooth Headphone Jacking: A Key to Your Phone [video],https://news.ycombinator.com/item?id=46453204,"I couldn't find anything from Sony confirming that these specific vulnerabilities had been patched, so i tried to reproduce the steps from the whitepaper using nRF Connect [1] with my Sony WH-1000XM4 on the latest firmware version. There was no response to the Get Build Version command, and the Read Flash command returned an error. So tentatively (with false negatives possible), it seems to have been patched on Sony devices. I don't have a linux box with bluetooth handy ATM so I didn't try using",zaptheimpaler,0
Bluetooth Headphone Jacking: A Key to Your Phone [video],https://news.ycombinator.com/item?id=46453204,"Most audiophiles ignore bluetooth headphones due to sound quality + latency, so we (audiophiles) stick to wired at home and we also have dedicated headphone amps since the pissy sound card D&#x2F;A convertors are incredibly bad. Bluetooth only when I’m doing yard work. Sadly, modern music is tuned to crappy headphones, crappy car systems, crappy speakers … I miss the 80’s audiophile obsession, the equipment had heart, and mixing and mastering was generations ahead of current (mainstream) music p",smallstepforman,0
Bluetooth Headphone Jacking: A Key to Your Phone [video],https://news.ycombinator.com/item?id=46453204,A bit irritating to see people ruining the demo by calling the phone number,Alifatisk,0
Bluetooth Headphone Jacking: A Key to Your Phone [video],https://news.ycombinator.com/item?id=46453204,"For other mobile users: <a href=""https:&#x2F;&#x2F;www.cvefind.com&#x2F;en&#x2F;cve&#x2F;CVE-2025-20700.html"" rel=""nofollow"">https:&#x2F;&#x2F;www.cvefind.com&#x2F;en&#x2F;cve&#x2F;CVE-2025-20700.html</a> <a href=""https:&#x2F;&#x2F;www.cvefind.com&#x2F;en&#x2F;cve&#x2F;CVE-2025-20701.html"" rel=""nofollow"">https:&#x2F;&#x2F;www.cvefind.com&#x2F;en&#x2F;cve&#x2F;CVE-2025-20701.html</a> <a href=""https:&#x2F;&#x2F;www.cvefind.com&#x2F;en&#x2F;cve&#x2F;CVE-2025-20702.html"" rel=""nofollow"">https:&#x2F;&",explodes,0
Bluetooth Headphone Jacking: A Key to Your Phone [video],https://news.ycombinator.com/item?id=46453204,This is probably going to make some state actors unhappy.,wojciii,0
Bluetooth Headphone Jacking: A Key to Your Phone [video],https://news.ycombinator.com/item?id=46453204,"> We also demonstrate how a compromised Bluetooth peripheral can be abused to attack paired devices, like smartphones, due to their trust relationship with the peripheral. Can't watch the video now. But I wonder to what extent they can take over a smartphone? Can they make a headphone look like a keyboard&#x2F;mouse, for example? Second question: can the whole problem be remedied by installing a firmware update?",amelius,0
Bluetooth Headphone Jacking: A Key to Your Phone [video],https://news.ycombinator.com/item?id=46453204,This is just a chip with debug mode left on and does not allow anyone to hijack audio stream or anything interesting. (Just in case anyone’s checking the comments because they don’t want to watch a long ass video and they notice all the comments are essentially off topic),bethekidyouwant,0
Bluetooth Headphone Jacking: A Key to Your Phone [video],https://news.ycombinator.com/item?id=46453204,"Is there a fuller list of headsets that are affected being maintained anywhere? I could not find it. Since most manufacturers tend to reuse components, we can expect that more Sony stuff is affected, and probably more JBL&#x2F;Jabra&#x2F;Bose&#x2F;Marshall that they didn't have access to. Based on their timeline, full credit to Beyerdynamic! Partial credit to Airoha, they took a long time to initiate the communications, but once they did, they seemed to take it seriously. No credit to Sony and M",pwagland,0
Bluetooth Headphone Jacking: A Key to Your Phone [video],https://news.ycombinator.com/item?id=46453204,"You'd think Sony would have learned from the PSN debacle, but alas... Now I need to setup to check if my headphones are still vulnerable...",brohee,0
Bluetooth Headphone Jacking: A Key to Your Phone [video],https://news.ycombinator.com/item?id=46453204,"IMO anything related to Bluetooth should be destroyed. <a href=""https:&#x2F;&#x2F;www.bleepingcomputer.com&#x2F;news&#x2F;security&#x2F;undocumented-commands-found-in-bluetooth-chip-used-by-a-billion-devices&#x2F;"" rel=""nofollow"">https:&#x2F;&#x2F;www.bleepingcomputer.com&#x2F;news&#x2F;security&#x2F;undocumented-...</a>",karlzt,0
Bluetooth Headphone Jacking: A Key to Your Phone [video],https://news.ycombinator.com/item?id=46453204,"Razer isn't mentioned, but I know they're using Airoha AB1571DN in Blackshark V3 Pro transmitter. Not sure what is on the headset end. Don't see any mentions on their last firmware update, and I can't find older ones.",epakai,0
Bluetooth Headphone Jacking: A Key to Your Phone [video],https://news.ycombinator.com/item?id=46453204,"Ah yes, the removal of headphone jacks, the gift that keeps on giving Funny that there were always some people here pushing bt audio as ""the future"", whom I can only assume were the technically shallow but very opinionated people that would die on the smallest technical hills",raverbashing,0
Bluetooth Headphone Jacking: A Key to Your Phone [video],https://news.ycombinator.com/item?id=46453204,"I previously posted the repo here: <a href=""https:&#x2F;&#x2F;news.ycombinator.com&#x2F;item?id=46406310"">https:&#x2F;&#x2F;news.ycombinator.com&#x2F;item?id=46406310</a>",sva_,0
Bluetooth Headphone Jacking: A Key to Your Phone [video],https://news.ycombinator.com/item?id=46453204,Wonder if anyone is going to replace the proprietary buggy firmware with libre firmware.,pabs3,0
Bluetooth Headphone Jacking: A Key to Your Phone [video],https://news.ycombinator.com/item?id=46453204,What about B bluetooth keyboards and touchid,jbverschoor,0
Bluetooth Headphone Jacking: A Key to Your Phone [video],https://news.ycombinator.com/item?id=46453204,checking my understanding: this vuln is in the firmware for specific airoha chipsets; e.g. if a bluetooth device is listed as using a qualcomm chipset then it's unaffected by this specific vuln? ... though I wouldn't be surprised if we see a burst of similar disclosures for other manufacturers in the next year or so,unsettledturtle,0
Bluetooth Headphone Jacking: A Key to Your Phone [video],https://news.ycombinator.com/item?id=46453204,"Ok, so TL;DR: there's nothing that can be done about it? Just hoping that nobody (like not a single random person, eh) around me knows about that?",krick,0
Bluetooth Headphone Jacking: A Key to Your Phone [video],https://news.ycombinator.com/item?id=46453204,Shame on Airoha. Terrible security pracices.,peterpost2,0
Headphones are collecting too much personal data (2019),https://news.ycombinator.com/item?id=23957455,"The article should have buried sony for how egregious they are. They require the app to collect location information, and ear. <a href=""https:&#x2F;&#x2F;www.sony.com&#x2F;electronics&#x2F;support&#x2F;articles&#x2F;00233341"" rel=""nofollow"">https:&#x2F;&#x2F;www.sony.com&#x2F;electronics&#x2F;support&#x2F;articles&#x2F;00233341</a> I'm not sure what else they collect.. but those are the 2 bad ones. They've got a few settings that are software controlled (one being the bluetooth's internal volume",monksy,0
Headphones are collecting too much personal data (2019),https://news.ycombinator.com/item?id=23957455,"I tend to use passive headphones with 3.5mm jack, they have no electronics in them except the small speakers. They do not collect data. They are also used by musicians when doing audio mixing so its should sounds neutral and good. That the headphones does not have electronics and batteries means they will last longer and thus be be better for the environment.",acd,0
Headphones are collecting too much personal data (2019),https://news.ycombinator.com/item?id=23957455,"Drugstores in Brazil are doing it and that concerns me A LOT. Their modus operandi is to ask you your CPF (it's like an SSN, but not that secret and powerful) and, if you refuse to tell them, you are not eligible for some discounts which can reach 40% in some more expensive items. Customers happily agree to give their CPFs, completely unaware they are of the potentially disastrous consequences, and we are not even offered something resembling a privacy policy. Think of the uses of such data. Hea",myth2018,0
Headphones are collecting too much personal data (2019),https://news.ycombinator.com/item?id=23957455,"Truly, is it possible for tech companies today to release even one fucking product, even something so simple as headphones, without piling on all the desperate, grubby, scummy tracking bloat and related shit possible in an effort to turn you into a product EVEN when you're paying for their creations. It's revolting and sincerely deserves to be harshly punished by the market (if enough consumers could be bothered to give enough of a shit about something so ""irrelevant"" as their basic privacy).",shadowprofile77,0
Headphones are collecting too much personal data (2019),https://news.ycombinator.com/item?id=23957455,"Only a slightly related tangent, but most headphones and other loudspeakers can be very effective microphones when wired into the right circuit. While speakers are often wired directly to a one-way DAC, that's not always the case.  Sometimes the analog lines are all fed into a multiplexer and it can be routed to a ADC.  Sometimes it's wired to a general purpose IO pin. In such cases, reprogramming could turn that speaker into a microphone.  I wonder if anyone has exploited this in the wild yet.",retrac,0
Headphones are collecting too much personal data (2019),https://news.ycombinator.com/item?id=23957455,"When I was younger, I was wondering what it would feel like to to feel 'left behind' by technology. I remember helping so many adults to navigate a world they didn't understand. They'd ask ""left click or right click?"" every time I asked them to use their mouse. They just couldn't grasp some of the context. This is not quite the same thing, but I'm starting to feel that perhaps I am starting to witness that same disconnect. Having read the title alone, I wondered ""how are the headphones collectin",everdrive,0
Headphones are collecting too much personal data (2019),https://news.ycombinator.com/item?id=23957455,"> ""Bose Connect app was found to be tracking what users were listening to and sending that data back to the company to be sold"". I did not know that!",lysium,0
Headphones are collecting too much personal data (2019),https://news.ycombinator.com/item?id=23957455,"We just should to stop tolerating conventional things using Internet connection. There is no way headphones really need an Internet-connected app to work and even to let you use advanced functions (i.e. all the configuration can be implemented in a purely offline app). And if they don't need they should not even nudge, let alone require, you to install such. Most of the people just don't give a uck, somebody competent on the state level should give it.",qwerty456127,0
Headphones are collecting too much personal data (2019),https://news.ycombinator.com/item?id=23957455,"The move to no-jack phones really only exacerbates this problem. It's difficult for manufacturers to justify an app for wired headphones, but, now that bluetooth is becoming the new norm, there's suddenly a justification for instrusive, data-collecting apps. This whole story is a really good reason for keeping headphone jacks on phones.",maest,0
Headphones are collecting too much personal data (2019),https://news.ycombinator.com/item?id=23957455,"TIL, Headphones have apps. Apps are quickly becoming this weird add on that I really don't want.",duxup,0
Headphones are collecting too much personal data (2019),https://news.ycombinator.com/item?id=23957455,Why in the world would anyone need headphones that need personal info?,t0mmyb0y,0
Headphones are collecting too much personal data (2019),https://news.ycombinator.com/item?id=23957455,"I use Bluetooth headphones, but almost never use or bother to set up the associated app. So hopefully Bluetooth pairing alone isn’t enough. Looks a lot of these details are collected through a companion app.",catchmeifyoucan,0
Headphones are collecting too much personal data (2019),https://news.ycombinator.com/item?id=23957455,"Everything spies on you. There's money in it. I've come to believe that this can only be fixed with legislation and regulation. There are no technical fixes that could practically be deployed as there is far too much ""attack surface"" and anyway there is zero incentive to deploy them. In the meantime: install as few apps as possible on phones, be careful about IoT and personal assistance devices, and use Apple or Linux (not Android) based systems as they seem to have the best record for security ",api,0
Headphones are collecting too much personal data (2019),https://news.ycombinator.com/item?id=23957455,"When you buy food there's a label on the package that tells you what's in it. When you buy cigarettes there's a big warning label about the risk to your health. I think consumer devices need something like that.  Imagine browsing an aisle and seeing a label on the package like ""WARNING: These earbuds phone home with the track names you play, your GPS location and menstruation cycle history.""  How many people do you think will buy that box vs. the cheap $20 pair with the analog plug?",rkagerer,0
Headphones are collecting too much personal data (2019),https://news.ycombinator.com/item?id=23957455,"Re: Personal fitness and menstruation history - Is that shocking? They're earbuds, but they're marketed as fitness buds that track personal data. It looks like Fitbit for your ears. Fitbit and Apple Health (or whatever it is called) does these kinds of things as well. Re: Bose collecting all that stuff I can see ""why"" they would want all that, in order to optimize their sound output of their buds to the kind of music and environments for which they are used. That should, of course, be opt-in, bu",unethical_ban,0
Headphones are collecting too much personal data (2019),https://news.ycombinator.com/item?id=23957455,How exactly does a headphone app have access to your alcohol use and menstruation history? Where is it pulling this data from?,baochan,0
Headphones are collecting too much personal data (2019),https://news.ycombinator.com/item?id=23957455,I'm wondering if someone could file HIPAA complaint at them and get these things classified as Medical Devices and shut this sharing of bio data down.  A simple opt-out doesn't fly with HIPAA.  It requires a signature that you will allow another person to access your medical records.,fffernan,0
Headphones are collecting too much personal data (2019),https://news.ycombinator.com/item?id=23957455,"Give me a dumb pair of headphones with a 3.5mm jack and I'm happy. Edit:  Thinking about this article more, it really goes back to hardware not getting funding unless there's a model for recurrent income.  It's going to get a LOT worse before we either wise up or give up.",chooseaname,0
Headphones are collecting too much personal data (2019),https://news.ycombinator.com/item?id=23957455,"To those only looking for the noise cancelling component of modern headphones: I was only interested in this as I already have a good pair of (wired, offline) hi-fi headphones, and given some HN comments on this I decided for Peltor x5a passive noise cancelling earmuffs. No batteries to charge and become disfunctional with time, no spy-apps, no potential hearing damage from ANC (not sure what the status is here), no cables, no bluetooth issues; and you get Peltors for 15-30$ so no problem if the",DanielleMolloy,0
Headphones are collecting too much personal data (2019),https://news.ycombinator.com/item?id=23957455,Are these associated apps mandatory for getting the headphones working or are they just value adds?,im3w1l,0
Headphones are collecting too much personal data (2019),https://news.ycombinator.com/item?id=23957455,"Not mine with the simple wire. The digital video transition has been a net good, though I will say analog output is easier, takes fewer resources, but those are plentiful.  No worries. Audio isn't the same.  All existing gear remains relevant. The data collection is something I hate viscerally. Also why I do not stream music.",ddingus,0
Headphones are collecting too much personal data (2019),https://news.ycombinator.com/item?id=23957455,Mine don't because they're hard wired into whatever device I use.,qmmmur,0
Headphones are collecting too much personal data (2019),https://news.ycombinator.com/item?id=23957455,"I see a lot of people talking about Bose and Sony and their awful apps, but there are alternatives!  I have been using my Sennheiser PXC 550's for almost a year now with no software updates or other nonsense.  If it has an app, I certainly don't know about it.  About the only complaint I have is how easy it is to accidentally hang up on someone with the touch controls on the ear.  Normally I support more organized solutions, but this seems like a clear case of voting with your wallet.",vladTheInhaler,0
Headphones are collecting too much personal data (2019),https://news.ycombinator.com/item?id=23957455,My LG washer dryer app needs to know my location... why? They won’t let me add it without giving app location access.. so does the YI camera now.. this is getting a bit out of hand.,kerneltime,0
Headphones are collecting too much personal data (2019),https://news.ycombinator.com/item?id=23957455,"Has anyone had any experience with new Bose headphones? If you use the Bose Connect app, I believe what the author wrote is accurate. But that app doesn’t work on the newer headphones (at least, not the ones I have). Instead I need to download the “Bose Music” app which doesn’t seem to give you the same options for privacy. And if you don’t use that app, the headphones are much less useful (eg, no hardware controls to switch which device you are connected to).",ktr,0
Headphones are collecting too much personal data (2019),https://news.ycombinator.com/item?id=23957455,"Yeah, I'm getting more and more convinced about my purchase strategy for electronics: 1. Get as simple and durable as possible 2. If it has to be complex, get something made by Apple 3. There's no rule three",darthrupert,0
Headphones are collecting too much personal data (2019),https://news.ycombinator.com/item?id=23957455,"If I had the resources, I would establish an organization for privacy badges for products. From ""absolutely anonymous"", through ""necessary violations of privacy for function"" till ""unnecessary harvesting of data"". Till such an organization for handing out badges will exist, it will be a hard task to buy any hardware and being able to trust its privacy.",neiman,0
Headphones are collecting too much personal data (2019),https://news.ycombinator.com/item?id=23957455,"If it results in lower prices, I'm fine with this. But they should be clear about what they're collecting.",renewiltord,0
Headphones are collecting too much personal data (2019),https://news.ycombinator.com/item?id=23957455,"As someone with both Bose QC IIs and the Sony WH-1000MX, this is annoying but not much I can do about it - they're expensive and I doubt I could resell them for as much (would reselling even be ethical now?). I also really like noise cancelling, especially now I am working from home.",maps7,0
Headphones are collecting too much personal data (2019),https://news.ycombinator.com/item?id=23957455,I have both Beats Wireless noise cancelling headphones (provided by work) and Bose wireless noise cancelling.. I have never even thought about downloading the apps for either of them. I never even thought to consider if they have apps. I just bluetooth to my phone and listen to music. Am I really missing out?,colecut,0
"The End of Headphone Jacks, the Rise of DRM",https://news.ycombinator.com/item?id=12453311,"> When you plug an audio cable into a smartphone, it just works. No, hardware-wise you're still going through a DAC, and the complex audio subsystem of the OS is still deciding, upon receiving the connection signal, to re-route the application audio through that headphone DAC. Or not. Jack or Lightning doesn't change this. > Apple can choose which manufacturers get to create Lightning-compatible audio devices. Sure. Or you can use the included lightning-jack adapter and just use normal, un-DRM'd",AceJohnny2,0
"The End of Headphone Jacks, the Rise of DRM",https://news.ycombinator.com/item?id=12453311,"> Besides, with only Apple earbuds currently supporting the Lightning audio connection, the only way to connect an iPhone 7 to a recording or mixing device will be over the suboptimal Bluetooth connection or a dongle provided by Apple. If you are recording stuff from your iPhone using the 3.5mm jack you are already suboptimal perhaps even to the bluetooth. For one you are going through the iPhone DAC (luckily the iphone DACs are pretty descent) then through a generally crappy mini amplifier. If ",agentgt,0
"The End of Headphone Jacks, the Rise of DRM",https://news.ycombinator.com/item?id=12453311,I understand the argument that forcing content through a proprietary jack opens the door for controlling said content and has huge implications for hardware manufacturers and the way people use their stuff. What I am having a hard time understanding is why is that any different than the OS influencing what gets sent to the 3.5mm jack?  It isn't like apps running in iOS had to interact with APIs to do all the other things (e.g. camera) but not the jack.  Is it?,mead5432,0
"The End of Headphone Jacks, the Rise of DRM",https://news.ycombinator.com/item?id=12453311,"The discussion seems to be easily diverted into one about audio, but I think something that I've not seen in discussion about this issue is the way some app makers have used the analog audio port as a data jack. I've long had the impression this was a workaround that was begrudgingly tolerated by Apple.  Though we've all heard about how heavy-handed their app store policies are, so maybe I'm imagining things.  But anyway, how does this new port affect the use of those devices and how does it aff",michrassena,0
"The End of Headphone Jacks, the Rise of DRM",https://news.ycombinator.com/item?id=12453311,"I'm not convinced. The record industry has already given up on DRM except for streaming. A lot has to happen before DRM is applied to headphones. Audio is not like video, where it's hard to get a decent copy from the screen. With audio you can always just hook up to the analog output to the speakers themselves and get a copy indistinguishable from the original Fighting for DRM on headphones would be an uphill battle in so many ways, and I'm not sure the record industry is stupid enough to waste ",audunw,0
"The End of Headphone Jacks, the Rise of DRM",https://news.ycombinator.com/item?id=12453311,"That Apple wants their users to only use 'approved' peripherals with their stuff (i.e. only those from which they get a share of the profits) under the guise of 'user experience' and 'convenience' does not mean the rest of the world will suddenly give up on their analogue headphones. Apple users will be able to buy dongles (which have to be Apple-approved, so Apple will still get their share of the profits leading to higher prices which Apple-users are willing to bear to be part of that exclusiv",Yetanfou,0
"The End of Headphone Jacks, the Rise of DRM",https://news.ycombinator.com/item?id=12453311,"> Besides, with only Apple earbuds currently supporting the Lightning audio connection This is just factually incorrect. Even before today's announcement lightning headphones have been available from multiple independent headphone makers, including Bose and Phillips[0]. <a href=""https:&#x2F;&#x2F;www.google.com&#x2F;amp&#x2F;www.mirror.co.uk&#x2F;tech&#x2F;dont-panic-apple-fans-already-8791870.amp?client=safari"" rel=""nofollow"">https:&#x2F;&#x2F;www.google.com&#x2F;amp&#x2F;www.mirror.co.uk&#x2F;",aroman,0
"The End of Headphone Jacks, the Rise of DRM",https://news.ycombinator.com/item?id=12453311,"The lack of a headphone jack is simply yet another excellent reason not to buy an iPhone. What confuses me is why so many people continue to buy Apple products when they're overpriced, locked-down and treat developers like crap.",csense,0
"The End of Headphone Jacks, the Rise of DRM",https://news.ycombinator.com/item?id=12453311,"Other people getting screwed: Custom IEM wearers. I had a $300 set of Alclair Audio IEMs made so I can use an in-ear audio system on stage while making live music. These use impressions that an audiologist takes of your ear canals for an _exact_ fit that completely seals your ear. There's not a snow-balls chance in hell I would have these be wireless, or a proprietary standard: 1) Latency. Anything over 2ms is not acceptable for live music. That's the difference between a band sounding ""in-time""",exabrial,0
"The End of Headphone Jacks, the Rise of DRM",https://news.ycombinator.com/item?id=12453311,"This reads slightly hyperbolic. I suspect Apple will fight against DRM on music for quite some time having made the decision to remove it. In the past the Apple's designs needed to respect a vast pre-existing ecosystem of headphones, amps and assorted other audio gear. Dropping the socket largely takes them out of that ecosystem, but today the success and reach of their devices exerts pressure on that ecosystem to move in Apple's direction too. That pressure does the rest of the ecosystem a sign",the_other,0
"The End of Headphone Jacks, the Rise of DRM",https://news.ycombinator.com/item?id=12453311,"If you are interested in open hardware, one company working diligently on solutions Purism: <a href=""https:&#x2F;&#x2F;puri.sm&#x2F;"" rel=""nofollow"">https:&#x2F;&#x2F;puri.sm&#x2F;</a> You can order laptops now and they are talking about a phone. They even negotiate with OEMs, such as Intel,[0] to provide more open versions of their products, diligently trying to create widespread change. They aren't all the way there,[1] but seem committed to the long run. (I'm not affiliated, and all I know ab",hackuser,0
"The End of Headphone Jacks, the Rise of DRM",https://news.ycombinator.com/item?id=12453311,This is the first time I've heard that argument.  It's a good one.,PaulHoule,0
"The End of Headphone Jacks, the Rise of DRM",https://news.ycombinator.com/item?id=12453311,"HeadphoneJackGate is really a damning indictment of the tech industry. The usability of Apple products for ordinary people has been sliding downhill for years due to trendy-but-idiotic features like hidden UI, flat UI, and gestures (and various abominations combining the three). But the lack of a headphone jack (a total non-issue thanks to the included adapter) is what the tech press gets worked up over...",rayiner,0
"The End of Headphone Jacks, the Rise of DRM",https://news.ycombinator.com/item?id=12453311,"What about the fact that Apple ships a Lighting-to-3.5mm-stereo-analog adapter in the box?  As far as I can tell, there is no practical difference from the previous scenario, other than that you need to plug in the dongle to make analog recordings. I agree with a lot of what EFF does, but in light of the adapter provided, they're blowing this issue way out of proportion.",otterley,0
"The End of Headphone Jacks, the Rise of DRM",https://news.ycombinator.com/item?id=12453311,"The real issue here is this might be anti-competitive, and go as far as being an anti-trust issue. Apple can now limit who makes headphones for the iPhone and the ones that are ""allowed"" could end up seeing their headphones far more expensive than the Apple and Beats brands. This is all because 3rd party brands will have to pay licensing fees to Apple to use the port. So we could end up seeing headphones that are 20%+ more expensive compared to Apple or Beats headphone units. Sounds anti-competi",electic,0
"The End of Headphone Jacks, the Rise of DRM",https://news.ycombinator.com/item?id=12453311,"> It advertises that the move helps make the phone more water-resistant. Absolute, utter nonsense. I have a 3 year old Samsung Galaxy S4 Active that sports an open headphone jack and can be SUBMERGED in water without any problems. I don't want to have any heavy batteries sitting over, on or in my ears. Let alone the trash DAC and amplifier that these bluetooth devices have.",Kenji,0
"The End of Headphone Jacks, the Rise of DRM",https://news.ycombinator.com/item?id=12453311,"I think removing the headphone jack is stupid. But it has zero to do with DRM. Moving the DAC to the other side of a connector changes nothing at all about Apple's ability to implement DRM. There was an Apple controlled DAC in your phone before, now its in a dongle 2cm away. Its annoying but not a diabolical plot.",noonespecial,0
"The End of Headphone Jacks, the Rise of DRM",https://news.ycombinator.com/item?id=12453311,"So, apple gets rid of the headphone jack and the fear of the END of headphone jacks propagates. . .
This is somewhat depressing and frustrating; depressing because one companies' decision has the potential to influence other companies implementations that therefore will affect us all? Frustrating because homogenization is apparently that simple to implement?
I guess this quote by who knows who is ever so true. . . ""there is no profit in the current paradigm. . .you have to create problems to cre",slicktux,0
"The End of Headphone Jacks, the Rise of DRM",https://news.ycombinator.com/item?id=12453311,"I am paranoid I know, however the first thing I thought is that, as headphone can be used in a reverse way as microphones, that Apple made a secret deal with the NSA (or else...) so they will be able in a Bluetooth range to connect (as Bluetooth is far away from being secure) and listen to people. Those plugs all around are just free and easy tool for spies. 
Of course they could also listen to non encrypted conversations during phone calls between people using encrypted channels&#x2F;tools.
Am ",zonovar,0
"The End of Headphone Jacks, the Rise of DRM",https://news.ycombinator.com/item?id=12453311,"1. Apple has already publicly stated this is not about DRM and, at least when it comes to music, they have been very anti-DRM for a long time. 2. Apple earbuds aren't the only one's you can use. There are lots of lightning compatible headphones and they've been around a while. 3. This is not 'The End of Headphones Jacks'. It's one phone manufacturer. Globally iPhone market share is less than 20% so if you want a headphone jack you have a lot of great options.",k-mcgrady,0
"The End of Headphone Jacks, the Rise of DRM",https://news.ycombinator.com/item?id=12453311,"So what? Early consumer computers (including ones from Apple) didn't have audio jacks either; you had to add audio adapter interfaces to have audio at all. It's just going full circle. DRM has nothing to do with whether a device has an analog audio jack. Nobody in their right mind copies audio through the headphone jack output. If an audio output device enforces DRM, that can be done just as well by a built-in analog out as by some bluetooth add-on or whatever. Analog out starts out digital. The",kazinator,0
"The End of Headphone Jacks, the Rise of DRM",https://news.ycombinator.com/item?id=12453311,I don't like this change but I think the argument that it's about DRM is pretty silly.,draw_down,0
"The End of Headphone Jacks, the Rise of DRM",https://news.ycombinator.com/item?id=12453311,"> ""Other developers must ask Apple for permission to create and sell Lightning-compatible devices"" I wonder how well that's going to work in China (and for that matter most of the rest of Asia)",peterkelly,0
"The End of Headphone Jacks, the Rise of DRM",https://news.ycombinator.com/item?id=12453311,"This is interesting but personally I think this move is more about Apple being able to take more profit from its Beats brand and from any third party speaker maker that now has to license to work with iOS. Of course I guess they can also sell ""premium DRM"" snake oil to recording companies now, because nobody can tap audio from hardware. That's totally impossible right? Apple just loves to tax their ecosystem. They also have a huge fetish for eliminating connectors, plugs, etc. even when they are",api,0
"The End of Headphone Jacks, the Rise of DRM",https://news.ycombinator.com/item?id=12453311,The also just made it so their phone no longer works with millions of car audio systems that have an auxiliary input jack. Not all of us have 2016's with fancy Car Play or Android Auto.,cdnsteve,0
"The End of Headphone Jacks, the Rise of DRM",https://news.ycombinator.com/item?id=12453311,"<a href=""http:&#x2F;&#x2F;www.apple.com&#x2F;shop&#x2F;product&#x2F;MMX62AM&#x2F;A&#x2F;lightning-to-35-mm-headphone-jack-adapter?fnode=94076bf4300fc94de38ac0dce6111bffeb1641842210382677ece98e45d55bb5dfe114c8b3c2ecb222de3df55d5e0b52aedf2fb9744a0d879dd7551e2d0c9dc34f5a2ff6bb54cecedd46fcbfeecd3e00f337b3dee2e343eec5759acccf1c45a5"" rel=""nofollow"">http:&#x2F;&#x2F;www.apple.com&#x2F;shop&#x2F;product&#x2F;MMX62AM&#x2F;A&#x2F;lightning-to-35-...</a>",zepto,0
"The End of Headphone Jacks, the Rise of DRM",https://news.ycombinator.com/item?id=12453311,"If there is a 3.5mm dongle available, how is this truly the end of the headphone jacks? The headphone jack is still there, it just has to be accessed via the dongle. It's gone from being physically on the device, but the capability is not gone. I think a post like this undermines EFF's credibility. Steve Jobs has railed against DRM for music and finally was able to get it. iTunes music has been DRM-free for years now. Why would Apple back out on DRM-free music?",astral303,0
"The End of Headphone Jacks, the Rise of DRM",https://news.ycombinator.com/item?id=12453311,I don't get it. The customer base of Apple has no problems spending huge amounts of money. Why should they need to be controlled in such a way?,aluhut,0
"The End of Headphone Jacks, the Rise of DRM",https://news.ycombinator.com/item?id=12453311,"It's frustrating that there's not a (significant) phone vendor committed to both user confidentiality and end-user control (libre&#x2F;free&#x2F;open). Apple seems to provide confidentiality, if you buy their marketing, and Google is much more open&#x2F;free. These should be, IMO, fundamentals of IT, but it's not even a realistic option.",hackuser,0
"The End of Headphone Jacks, the Rise of DRM",https://news.ycombinator.com/item?id=12453311,"Isn't this tacitly assuming that Apple will be able to single-handedly eliminate the headphone jack? I think it is quite likely that post-Jobs Apple has finally overstepped it's bounds, and despite it's good qualities the iPhone 7 will be a relative dud. In which case the iPhone 8 will (reluctantly) put the jack back.",javajosh,0
Show HN: Control your Bose headphones from your Mac's menubar,https://news.ycombinator.com/item?id=27034904,I really love my Bose headphones and in the past year I've used them almost exclusively on my Mac. Started running into problems where because I didn't have visibility on the battery level they would die on me during focused work or meetings I know there's some way to get the voice assistant to tell me the battery level but that's not as useful as being able to glance in the top-right hand corner and having to move from my keyboard to press some buttons I can't see on my head is a bit silly? So ,dannyaziz97,0
Show HN: Control your Bose headphones from your Mac's menubar,https://news.ycombinator.com/item?id=27034904,Expected a github repo link but instead it's closed source and it costs $9 and it apparently doesn't even allow you to set the noise cancellation level. So it's $9 for an app that has two buttons that send bluetooth packets and it also reads the battery level in some clearly standard way because Android and iOS both show that natively. There's probably less than a screen worth of code. edit: looking at the tweet[1] it's an electron app... An electron mac app for $9. Let that sink in. [1] <a href,grishka,0
Show HN: Control your Bose headphones from your Mac's menubar,https://news.ycombinator.com/item?id=27034904,"Great app! If you want to keep distributing it, you'll have to find a less ""Bose-sounding"" name. I am not a lawyer, but as far as I can tell: a) they can't prevent you from implementing a reverse-engineered protocol, b) they can take legal action against you for trademark infringement &#x2F; damages.",some1else,0
Show HN: Control your Bose headphones from your Mac's menubar,https://news.ycombinator.com/item?id=27034904,"> Will this void my warranty or destroy my beloved headphones?
>
> No!
> Boze.app communicates with your headphones in the exact same way that the official Bose Connect app does. I'm not sure how you can know that the protocol is exactly the same without access to Bose's technical documentation, and extensive testing on all supported models. Furthermore, it would be Bose that decides what constitutes a violation of their warranty, not you. This seems borderline unethical to me.",nickserv,0
Show HN: Control your Bose headphones from your Mac's menubar,https://news.ycombinator.com/item?id=27034904,"Super cool project! Sharing two related pieces of feedback: 1. I'd be willing to buy the app, but I'm missing info on support guarantees. I.e. is there some commitment to support potential changes to the Bose communication protocol for some time period? Personally, I'd be hesitant to pay $9 for an app that might just break with the next Bose update. 2. I wanted to reach out to you to ask about 1, but I didn't find a way to contact you. I don't have Twitter, and there seems to be no e-mail addres",mmmmmbop,0
Show HN: Control your Bose headphones from your Mac's menubar,https://news.ycombinator.com/item?id=27034904,"I'd advice you stop charging and just place Amazon ads on your page. Besides being safer as people said, it'd easily generate more money for you. Ads are not ""worse"", and it's going to be safer for you, and you could've made a lot more money from it because people would go to your website and many would download it, even if they feel they don't need it... Also, many people are interested in noise canceling headphones, and this would likely be how you'd make money out of Amazon's affiliate progra",henvic,0
Show HN: Control your Bose headphones from your Mac's menubar,https://news.ycombinator.com/item?id=27034904,"I like the idea... But... My QC35ii's already: - tell me the battery level when turn them on, and the batteries last for so long that they rarely get low enough for me to care what the level is. - Have a button that cycles through which 2 devices are simultaneously connected. I can't imagine a system menu being anymore convenient than a dedicated button on my ear. I wouldn't consider buying it unless it changed the deeper settings such as self voice level (I change this often while zooming). Tha",Humphrey,0
Show HN: Control your Bose headphones from your Mac's menubar,https://news.ycombinator.com/item?id=27034904,"For those on Linux; I had great success with the “based-connect” program, which enables me to configure “known devices” (which one is primary and so on) and, crucially, configure noise cancelling. <a href=""https:&#x2F;&#x2F;github.com&#x2F;Denton-L&#x2F;based-connect"" rel=""nofollow"">https:&#x2F;&#x2F;github.com&#x2F;Denton-L&#x2F;based-connect</a>",dijit,0
Show HN: Control your Bose headphones from your Mac's menubar,https://news.ycombinator.com/item?id=27034904,"Charging for a Bose product with a Boze name.. You’re going to get sued. If it was free or open source you could argue you’re not profiting from it, but the way it’s presented.. You’re selling software with the likeness of a brand for the products sold by the brand. Hope you’ve got a lawyer. You’re probably lucky that they’re a research driven organisation given the founder donated majority shares for it to MIT with a mission lock clause which means it’s never going to be acquired by a tech gian",Mandatum,0
Show HN: Control your Bose headphones from your Mac's menubar,https://news.ycombinator.com/item?id=27034904,"This sounds so great! I wish I could do this for my Sony Headphones app. I use my Sony WF-1000XM3s almost exclusively with my Mac and it's a shame that each time I need to pair with my iPhone to change the settings. I could possibly use an external software and set the settings to default from the Sony Headphones app but then I won't be able to control Clear Bass, so well yes, there needs to be a Mac app for Sony too.",tr1ll10nb1ll,0
Show HN: Control your Bose headphones from your Mac's menubar,https://news.ycombinator.com/item?id=27034904,"I have trouble with the value proposition. If I understand correctly only the noise-cancelling toggle is a proprietary Bluetooth feature of the Bose? Since f.e. Toothfairy[1] also handles the connection of -all- BT devices for your mac (not only Bose headphones), shows battery info and is $ 5.99. [1] <a href=""https:&#x2F;&#x2F;c-command.com&#x2F;toothfairy&#x2F;"" rel=""nofollow"">https:&#x2F;&#x2F;c-command.com&#x2F;toothfairy&#x2F;</a>",jrnkntl,0
Show HN: Control your Bose headphones from your Mac's menubar,https://news.ycombinator.com/item?id=27034904,"How did you figure out the Bluetooth protocol and commands? I have a Cannondale app for my bike, which is reading the Bluetooth wheel sensor to display speed and mileage. I'd like to build my own app for it but clueless on how to figure out the pairing and transmitted data.",petard,0
Show HN: Control your Bose headphones from your Mac's menubar,https://news.ycombinator.com/item?id=27034904,@dannyaziz97 can you explain why you're promoting this on twitter and in the title as you reverse engineering the iOS app when you've used a pre-existing library that does all the work? It's quite dishonest to not lead with building on the work of others to promote your product.,angrais,0
Show HN: Control your Bose headphones from your Mac's menubar,https://news.ycombinator.com/item?id=27034904,Fantastic! The Bose app for iOS is a dumpster fire. I fired up Charles Proxy to poke around and found out it was using the Facebook SDK. I just want to control my headphones—I’d prefer it if I didn’t have to send telemetry to FB to do that! (App since deleted and I’ve accepted having fewer controls.),ashton314,0
Show HN: Control your Bose headphones from your Mac's menubar,https://news.ycombinator.com/item?id=27034904,> Windows 10 and Linux support coming soon Great to hear! I have had a lot of issues with getting high quality bi-directional audio (e.g. for video calls) to work with my QC35s on both Windows and Linux on both my Thinkpad and desktop since it defaults back to the HFP profile instead of A2DP. I don't fully understand the problem and I don't get why it seems to work fine on Macbooks. I'd (unfortunately) be happy to pay the price you've quoted for this app if it solves that problem well.,12ian34,0
Show HN: Control your Bose headphones from your Mac's menubar,https://news.ycombinator.com/item?id=27034904,I was all excited about this and then I saw that it is a paid app with no access to the source.,fnord77,0
Show HN: Control your Bose headphones from your Mac's menubar,https://news.ycombinator.com/item?id=27034904,"All these things that require and support only a mobile app to set up are tremendously irritating. I use my headphones with my Mac and would like to be able to configure and update them there. Can we get over this ""mobile is replacing everything"" meme? It's obviously not happening. I never thought it would happen, but a bunch of people started predicting it via faulty reasoning by loose analogy with the mainframe to PC transition.",api,0
Show HN: Control your Bose headphones from your Mac's menubar,https://news.ycombinator.com/item?id=27034904,I tried the app on my mojave macbook and it's throwing an error when trying to connect to the headphone (I sent the details to your email). Hopefully it's something that easy to fix as there are many people like me who still stuck on mojave for the time being due to 32-bit apps support.,neurostimulant,0
Show HN: Control your Bose headphones from your Mac's menubar,https://news.ycombinator.com/item?id=27034904,"Not sure if it works, but there's an open source version of this one for Sony headphones. Edit: forgot the link to repo: <a href=""https:&#x2F;&#x2F;github.com&#x2F;Plutoberth&#x2F;SonyHeadphonesClient"" rel=""nofollow"">https:&#x2F;&#x2F;github.com&#x2F;Plutoberth&#x2F;SonyHeadphonesClient</a>",lardissone,0
Show HN: Control your Bose headphones from your Mac's menubar,https://news.ycombinator.com/item?id=27034904,"I thought this sort of this was expressly verboten by the various Apple dev agreements? <pre><code>     You may not and You agree not to, or to enable others to, copy (except as expressly permitted under this Agreement), decompile, reverse engineer, disassemble, attempt to derive the source code of, modify, decrypt, or create derivative works of the Apple Software, Apple-issued certificates or any services provided by the Apple Software or otherwise provided hereunder, or any part thereof (excep",waynecochran,0
Show HN: Control your Bose headphones from your Mac's menubar,https://news.ycombinator.com/item?id=27034904,"Well done, but as others have said, change the name asap.",kinard,0
Show HN: Control your Bose headphones from your Mac's menubar,https://news.ycombinator.com/item?id=27034904,Is it a web app? UI doesn't look native to me,mikkelam,0
Show HN: Control your Bose headphones from your Mac's menubar,https://news.ycombinator.com/item?id=27034904,"A heads up that this may be a scam. I purchased the add-on yesterday and never received an email with a download link. I emailed Danny twice, per his website's instructions in case the email was not received, and he's not responding. Sure it's only been 24 hours and I'll wait a little longer before doing a charge back, but just a warning for the wise. @dannyaziz97 if you see this, please either deliver on your product or refund me my purchase. Thanks!",tomster2300,0
Show HN: Control your Bose headphones from your Mac's menubar,https://news.ycombinator.com/item?id=27034904,"Just bought it! I'd recommend adding SPF, DKIM and DMARC record to your domain so that emails don't ends up in spam (that probably the reason they currently do).",JeanSebTr,0
Show HN: Control your Bose headphones from your Mac's menubar,https://news.ycombinator.com/item?id=27034904,"It's neat that it shows the Bose devices' battery level. AFAIK the Apple APIs don't display that on macOS because it doesn't fully implement the Bluetooth spec (it does on iOS). One of my apps gathers battery info for all almost Apple devices (and some non-Apple), but I had trouble getting battery info for Bose, Logitech, Sennheiser (etc..) bluetooth devices without very low-level hacks that I wouldn't ship in an app destined for casual users.",ronyfadel,0
Show HN: Control your Bose headphones from your Mac's menubar,https://news.ycombinator.com/item?id=27034904,"On a similar note, I love my QC35s for the simple fact that this kind of an interface is available for them in general—I haven’t been able to find other Bluetooth devices that have a controlling app like this, though maybe I’m looking in the wrong places. Does anyone know of any Bluetooth adapters that have a connection app like Bose Connect that would allow me to add Bluetooth to an existing receiver via RCA?  That would be awesome!",jonwest,0
Show HN: Control your Bose headphones from your Mac's menubar,https://news.ycombinator.com/item?id=27034904,"Battery level is way off from what my Bose headphones say. Shows my iPhone twice, trying to connect to them say failed to connect. Eh, at least it was only $9.",NeckBeardPrince,0
Show HN: Control your Bose headphones from your Mac's menubar,https://news.ycombinator.com/item?id=27034904,"I am feeling weird about this one because I'd totally pay for this app, but not $9. On one hand, I understand that the author spent a lot of work on it, and $9 is not that big a price,  but somehow my intuition vehemently protests it. If it costed under $5 I'd probably not even think about it. Maybe my intuition is messed up by years of free stuff.",smsm42,0
Show HN: Control your Bose headphones from your Mac's menubar,https://news.ycombinator.com/item?id=27034904,"Does anyone know of other Bluetooth adapters that do something similar to the Bose Connect app?  Where you can specify which devices are connected to it like that? Ideally I’d be able to use an adapter to pair to a set of speakers I use on my desk, and be able to specify which devices are connected to those speakers.  I don’t care whether it’s a desktop or mobile app",jonwest,0
Show HN: Control your Bose headphones from your Mac's menubar,https://news.ycombinator.com/item?id=27034904,Yeeh. Can you make it for iOS as well? I would love an alternate app that does not send all my data about what im hearing to bose..,tobiasbischoff,0
Wired headphone sales are exploding,https://news.ycombinator.com/item?id=47340203,"This isn't a Vinyl vs CD thing where a clearly inferior technology lives on due mainly to sentimental reasons.  There are a number of concrete advantages to wired headphones over bluetooth headphones. - They don't need charging.  Charging may seem like a minor inconvenience, and we're used to charging a lot of devices.  However, even a minor inconvenience is still an inconvenience. - They're harder to lose.  When Apple almost immediately started selling accessories to connect their airpods toget",beloch,0
Wired headphone sales are exploding,https://news.ycombinator.com/item?id=47340203,"This trend story about wired headphones is possibly a ""submarine"" story as Paul Graham calls it[1], like a headline that ""Suits make a corporate comeback"": ""The suit is back,"" it begins. Trend articles like this are almost always the work of PR firms. Once you know how to read them, it's straightforward to figure out who the client is. With trend stories, PR firms usually line up one or more ""experts"" to talk about the industry generally. In this case we get three: the NPD Group, the creative di",computator,0
Wired headphone sales are exploding,https://news.ycombinator.com/item?id=47340203,"I'm the trendsetter. I've never stopped using wired headphones and, after being made fun of for years despite much better audio quality, cost, simplicity and reliability, the rich finally decided to imitate me. Never let go of your convictions!",glimshe,0
Wired headphone sales are exploding,https://news.ycombinator.com/item?id=47340203,"This hyperbole is not really necessary on hackernews. Apple alone makes 20 billion on a single product: airpods. This article notes 2025 saw a 3% increase of 15m. That means total sales are 0.5b, or 2.5% of Apple's airpods product. In other words:  tiny market with a growth in line with inflation after years of decline? Let's call that 'exploding sales' and farm some clicks. Yes perhaps there is some newfound interest, but since bluetooth headsets took off they keep getting cheaper to buy, easie",NoLinkToMe,0
Wired headphone sales are exploding,https://news.ycombinator.com/item?id=47340203,"""Bluetooth does not work,"" Kravitz said in a recent interview, and it's not just headphones, but Bluetooth connections in general. ""It's ruining important moments. Imagine the amount of times that you're with someone on a date, you're trying to set a vibe, and then you have to forget the network. On a date!"" The quote above makes absolutely zero sense to me, it's like ChatGPT 0.3a decided to write something about Bluetooth.",letmetweakit,0
Wired headphone sales are exploding,https://news.ycombinator.com/item?id=47340203,"Lots of good theories here, but none saying ""TikTok"", which I think is the answer. TikTok is a big reason wired headphones are popular. AirPod microphone quality is spotty and improving the quality is non-deterministic. With wired earpods, people put the mic next to their mouth and get above-average audio quality. Like the article says, wired headphones have also become a fashion statement akin to vinyl culture.",prodigycorp,0
Wired headphone sales are exploding,https://news.ycombinator.com/item?id=47340203,"Setting aside debates about which is “better”, this article appears to be based on crap. The link to the supporting analysis uses the words “through the roof”, but here’s what it says: “ wired headphones rebounded in 2025, growing 3% (about $15M).” So now a 3% growth in sales is “exploding” and “through the roof”?  No, I don’t think so…",happyopossum,0
Wired headphone sales are exploding,https://news.ycombinator.com/item?id=47340203,My wired headphones never run out of battery. They also don't drop the connection if my pocket is at the wrong angle from my ears.,healsdata,0
Wired headphone sales are exploding,https://news.ycombinator.com/item?id=47340203,"Please let this mean that they'll start bringing back the headphone jacks to phones. usb-c is too unstable, and I prefer not having to deal with charging more devices and with pairing shenanigans when switching devices.",bpev,0
Wired headphone sales are exploding,https://news.ycombinator.com/item?id=47340203,"Actually, a week ahead of the BBC, my sister informed me wired headphones are making a comeback. With a smug grin I told her, ""Comeback? It never left my side."" I've had to ally myself with a brand I've once sworn off just to get a flagship model Android with a headphone jack. Killing Reader is a greedy betrayal (they were pushing us onto Plus, the whole social web thing) but removing headphone jacks from Pixels is a cowardly betrayal! Eyeing you too there, Samsung. You and Google both have made",yallpendantools,0
Wired headphone sales are exploding,https://news.ycombinator.com/item?id=47340203,"I have three teenage kids and they’ve all switched to wired. Many of their friends have as well. It has nothing to do with fashion or retro vibes, as far as I can tell. They’ve all lost too many AirPods through the years. AirPods just too easy to lose, and at their school, too easy to be stolen by someone else. And they’re expensive. Yes you can buy cheaper Bluetooth headsets but those often don’t sound as good and get lost just as easily. So you’re either on a subscription basis relationship wi",superultra,0
Wired headphone sales are exploding,https://news.ycombinator.com/item?id=47340203,I never got on board with wireless headphones. * Having to charge them is a PITA * Having to pair them is a PITA * Having more points of failure is a PITA * Paying more is a PITA On the other hand: * Wires are fine,peacebeard,0
Wired headphone sales are exploding,https://news.ycombinator.com/item?id=47340203,"While using wired headphones, my spouse's car never steals my audio when it starts or pulls into the driveway. Also, I can join a meeting seconds before it starts without spending a few minutes scrambling to verify that my BT headset will allow me to hear&#x2F;be heard.",ethagnawl,0
Wired headphone sales are exploding,https://news.ycombinator.com/item?id=47340203,"Audio engineer originally and a current audio software. In the pro audio, wireless was never a thing with an exception of live shows where you’d might want to be free on stage but avoid stage monitors. Notice that while Apple made everyone ditch the lovely 3.5”, on the MacBook Pros they’ve actually kept it and *improved* it. As this is HN, I’ll focus on technical aspects I didn’t notice in the article. - Active Noise reduction While the article suggested the battery free magic of analog headsets",rock_artist,0
Wired headphone sales are exploding,https://news.ycombinator.com/item?id=47340203,"One segment I wish came back are bluetooth inear headphones wired together (untrue wireless, i guess). There are some models but none really explore their possible advantages (battery, ux, single signal source). I lost single wireless earpiece multiple times making the rest useless. This won't happen with wire. With wire its also so much easier and quicker to take them off they will just hang around your neck. There is reason why many workers in loud environments prefer earplugs wired together. ",omnimus,0
Wired headphone sales are exploding,https://news.ycombinator.com/item?id=47340203,"Maybe I am just old, but I have absolutely no idea what this passage is about -- why would people be fiddling with Bluetooth on a date and why would it cause them to forget their network? >""Bluetooth does not work,"" Kravitz said in a recent interview, and it's not just headphones, but Bluetooth connections in general. ""It's ruining important moments. Imagine the amount of times that you're with someone on a date, you're trying to set a vibe, and then you have to forget the network. On a date!""",jhbadger,0
Wired headphone sales are exploding,https://news.ycombinator.com/item?id=47340203,"""The dangling cables of wired headphones are a must-have fashion accessory in 2026"" Gee, is that the kind of stuff that makes people want this, rather than actual usefulness related reasons? I want it because I don't want yet another thing to have to charge, and because I'd want to be able to throw some cheap headphones in my backpack that I can use the one time in a month that I actually need them in combination with a phone (which of course isn't possible anymore today) Also, why are ANC headp",Aardwolf,0
Wired headphone sales are exploding,https://news.ycombinator.com/item?id=47340203,"> After 5 years of sales declines, which culminated in a $42M drop in 2024, wired headphones rebounded in 2025, growing 3% (about $15M). The trend really gained momentum in the second half of 2025, with sales surging 10% between July and December. Multiple brands and price points are seeing sales growth, a signal the trend is widespread. In the first six weeks of 2026, wired headphones revenue is up a whopping 20%! This is a Circana Retail Tracking Service content-marketing piece. Like the x% of",arjie,0
Wired headphone sales are exploding,https://news.ycombinator.com/item?id=47340203,Headphones were a solved problem. I had 20 years ago some high end IEM that i used back in the days on on so called mp3 players - those were pocket sized music players - and since apple released the airpods and bluetooth headphones were the new standard audio quality never recovered to the state we had two decades ago,siva7,0
Wired headphone sales are exploding,https://news.ycombinator.com/item?id=47340203,"Sony WH1000XM5 headphones are my daily driver, mainly Zoom calls and music. I'm generally pretty happy with them, but one big gripe I have is when I'm on a call and briefly take off my headphones to e.g. chat with someone in the room, there is like a 90% chance they stop working and I have to reconnect them. It happens so often I even wrote a script to switch to the MacBook internal speakers then back to the headphones. I've used wired headphones before (and the Sony even has a wired option), bu",thehours,0
Wired headphone sales are exploding,https://news.ycombinator.com/item?id=47340203,"Can someone recommend USBC earbuds with good ANC? Sometimes I’d love to avoid battery and interference concerns of Bluetooth, but noise cancellation became a must-have for me.",volemo,0
Wired headphone sales are exploding,https://news.ycombinator.com/item?id=47340203,"For me AirPods are one of the greatest products I’ve ever owned. I resisted them for years and recited the usual tropes about wired being better. But after being gifted a pair years ago, I realized how wrong I was. I spend a lot of time at the gym or walking with headphones in and music, podcasts, or audiobooks on. It’s so much better not having any wires when you’re moving. I can’t imagine doing these actives anymore with wired headphones. Battery life, pairing, charging, audio quality, and oth",systemsweird,0
Wired headphone sales are exploding,https://news.ycombinator.com/item?id=47340203,"I'm also team USB-C wired earbuds (the Apple ones are cheap and solid, mic is also nice for calls) for podcasts and commute. I never stopped using wired headphones at home but also had BT ones on the go. When they started showing signs of age I got a cheap BT receiver instead of replacing them. It's not quite as practical but for many people it's something to consider, they work surprisingly well!",dutchCourage,0
Wired headphone sales are exploding,https://news.ycombinator.com/item?id=47340203,"Anecdote, I like wired headphones for important online calls. I use earpods[1], I started using them back when they came with a phone, I'm happy that it's still possible to buy replacements. I like having a reliable wired connection that works and disconnects predictably. I guess a lot of that is nostalgia. My laptop model no longer has a webcam cover or a physical network switch; connecting and disconnecting the trrs[2] cable reminds me of these. But some of that is still practical needs. I hav",merelysounds,0
Wired headphone sales are exploding,https://news.ycombinator.com/item?id=47340203,I do wonder if this is in part to Spotify educating people with their very much in your face notifications when you set your player to lossless quality mode. They inform you bluetooth won't pass the signal with enough fidelity and to go wired. I don't think many people thought their expensive Airpods&#x2F;Bose&#x2F;Sony were not capable of handling lossless and may feel left out or missing something.,LazyMans,0
Wired headphone sales are exploding,https://news.ycombinator.com/item?id=47340203,"It's amazing how people will jump to something new just because it's there and it's being promoted. When wireless headphones came out, I looked at my wired ones and asked the simple question: is a tangling cable worse than bluetoth pairing and having to keep yet another thing charged?  My answer was no, so I kept using cheap wired ones. A few years later, now that makes me look rich. Or something.",downsplat,0
Wired headphone sales are exploding,https://news.ycombinator.com/item?id=47340203,"Back when I still thought all headphones were basically the same, I was writing some music and I could not understand why the cello lines sounded so much louder than the violin lines at the same dynamic. It was only years later that I found out that mainstream headphones are tuned to boost the bass, which is supposedly the mainstream taste. If your tastes in music are not mainstream (and mine definitely is not), mainstream headphones will ruin your music more than you realize - for years I just ",egorelik,0
Wired headphone sales are exploding,https://news.ycombinator.com/item?id=47340203,"Are there recommendations on USB-C to 3.5mm adapters, preferably ones with input and output?
My biggest complain with Bluetooth headphones is the astonishingly bad quality when doing voice calls.",w4rh4wk5,0
Wired headphone sales are exploding,https://news.ycombinator.com/item?id=47340203,Perhaps not related to the article but I find it puzzling that Bluetooth in 2026 still sounds like a fax machine when you use the mic too. That and a much too high latency in general.,Flow,0
Wired headphone sales are exploding,https://news.ycombinator.com/item?id=47340203,I have 2 wired headphones. My main ones are Sony MDR-V6s which I've had for 10 years. They are the best headphones I've ever owned and they sound just as good today as they did a decade ago. They were originally made in 1985 and the wire never tangles. The other are crappy $8 earbuds &#x2F; mic combo that are maybe 7 years old and work just fine. I have wireless earbuds that I occasionally use since the Pixel 9a has no 3.5mm jack. They are worse in every way that I care about. I have to babysit ,nickjj,0
My Bose QC-35 II headphones burst into flames and left me with chemical burns,https://news.ycombinator.com/item?id=29602038,There seem to be two camps here: - Bose is an evil megacorp who recklessly endangered its customers by selling dangerous and poorly designed products. - Accidents happen and when a device explodes on your head you should accept it as a fact of life and move on.  The chemical burns are nothing and OP is a pussy. I think the reality may be different.  My take on it is that Li batteries possess inherent dangers and it is incumbent upon manufacturers to take reasonable steps to mitigate the dangers ,01100011,0
My Bose QC-35 II headphones burst into flames and left me with chemical burns,https://news.ycombinator.com/item?id=29602038,"It would be good to see an autopsy, to find out if it's actually the battery that went into thermal runaway, or something else that shorted and dumped all of its energy. I have no idea how much heavy metals I've been exposed to by inhaling the toxic smoke. I don't know how much smoke my pregnant wife inhaled. I worry how much chemical residue is on my desk, floor, walls, how much is getting recycled by my HVAC system, how much exposure my pets had. That sort of paranoia doesn't help. In fact it ",userbinator,0
My Bose QC-35 II headphones burst into flames and left me with chemical burns,https://news.ycombinator.com/item?id=29602038,"If you're up for it, I suggest: 1) Find a lawyer. I'd guess that personal injury lawyer is the right kind, and that you can easily find one who works on contingency. 2) File a complaint with the consumer product safety commission, and any other applicable government agencies. The lawyer may be able to help with this. You deserve compensation for this, and I wish you all the best with extracting it. I hope you recover soon. Also: Take photos and document everything. A massive number of photos, of",spekcular,0
My Bose QC-35 II headphones burst into flames and left me with chemical burns,https://news.ycombinator.com/item?id=29602038,"I had the same happen to a mid-tier brand portable bluetooth speaker that was charging from the wall outlet on my night stand.  Burst into a massive chemical flame right next to me, splattered the wall with molten plastic. It took me a few seconds to understand what was happening, at first I assumed it was my SO playing a really dumb fireworks prank on me. Took a few good inhalations of whatever black smoke came out of it while trying to put the fire out with a pillow. I was very, very lucky tha",BadassFractal,0
My Bose QC-35 II headphones burst into flames and left me with chemical burns,https://news.ycombinator.com/item?id=29602038,"I mean I’m glad it didn’t happen to me, but a billion people are carrying around billions of Lithium-ion batteries. Those batteries sometimes catch fire because Lithium is highly flammable. It’s gonna happen.",jen729w,0
My Bose QC-35 II headphones burst into flames and left me with chemical burns,https://news.ycombinator.com/item?id=29602038,"I purchased Bose QC-35 II as well. I don't have chemical burns, but after a while of wearing my ears become really sensitive. I feel strange pain while wearing them. This applies only when the noise cancelation is ON. When it is off the pain immediately disappears. My explanation is that these phones actually generate inverse signal to the noise, but due to various factors such as delay, the cancellation is not perfect and what I am actually getting into the ear is the residual high frequency no",kalal,0
My Bose QC-35 II headphones burst into flames and left me with chemical burns,https://news.ycombinator.com/item?id=29602038,"I bought my kids a hover board for Christmas a few years back. Then it was in the news that some, a different brand, were catching fire on people. I never liked the thought of lithium ion batteries charging unattended after that. I started placing it to charge away from the walls on on ceramic tiles in case it start to burn. Even cell phones I feel better with them charging in a glass dish. Call me paranoid but I’ve seen too many internet videos of these types of batteries spontaneously bursting",14,0
My Bose QC-35 II headphones burst into flames and left me with chemical burns,https://news.ycombinator.com/item?id=29602038,"This is one of the reasons why unnecessary complexity and the general wireless trend is a bad thing. Wired headphones cannot have this problem. They can't have bluetooth syncing issues, they can't rarely catch fire or explode, and their batteries never need to die or be replaced. Reliance on these sorts of technologies is a new kind of sloth.",everdrive,0
My Bose QC-35 II headphones burst into flames and left me with chemical burns,https://news.ycombinator.com/item?id=29602038,"This obviously should not have happened, and I hope that you will get this resolved to your satisfaction, I also applaud your effort at documenting this. A couple of questions for you: - were the headphones recently dropped? - otherwise damaged? - what was the environment like at the time of charging (extreme temperature &#x2F; humidity)? - what exactly was the charging setup, I don't quite understand your description about the 'the stock USB charger connected to a Macbook Pro', do you mean you ",jacquesm,0
My Bose QC-35 II headphones burst into flames and left me with chemical burns,https://news.ycombinator.com/item?id=29602038,"HF exposure is a possibility from lithium battery fires. It's definitely something to be aware of, although it sounds like the doctor(s) you spoke with might be aware. <a href=""https:&#x2F;&#x2F;www.ncbi.nlm.nih.gov&#x2F;pmc&#x2F;articles&#x2F;PMC5577247&#x2F;"" rel=""nofollow"">https:&#x2F;&#x2F;www.ncbi.nlm.nih.gov&#x2F;pmc&#x2F;articles&#x2F;PMC5577247&#x2F;</a>",nabilhat,0
My Bose QC-35 II headphones burst into flames and left me with chemical burns,https://news.ycombinator.com/item?id=29602038,"My bose QC-35 II broke twice during the warranty period. Additionally, one of their temporary failures was that suddenly the music stopped and instead they froze while playing a very loud high pitched beep. It was so painful in my ears that I literally punched them off my head. I've been hesitant to use them since. But this story, together with my own 2 warranty repairs, confirms my suspicion that Bose has serious QC issues.",fxtentacle,0
My Bose QC-35 II headphones burst into flames and left me with chemical burns,https://news.ycombinator.com/item?id=29602038,"Imagine having your pair of expensive headphones exploding, leaving chemical burns only to be offered another pair of potentially explosive headphones. If I were in this guys shoes, I probably wouldn't even want a Bose aux cord. Excellent customer relations by the way.",pipeline_peak,0
My Bose QC-35 II headphones burst into flames and left me with chemical burns,https://news.ycombinator.com/item?id=29602038,"I wonder if all these ""shit happens"" commenters would be saying the same thing if this happened on a plane to the guy sitting next to you.",dave_sullivan,0
My Bose QC-35 II headphones burst into flames and left me with chemical burns,https://news.ycombinator.com/item?id=29602038,"There's a lot to be said for products which take traditional disposable alkaline batteries, such as my pair of older Bose noise-cancelling headphones. Alkaline cells don't spontaneously combust and may be packed in checked airline baggage. Products themselves are easier to dispose of and recycle without the concern of residual charge in an integrated lithium-ion power cell. If the user desires rechargable or longer-lasting lithium batteries, these can still be obtained in disposable battery form",neartheplain,0
My Bose QC-35 II headphones burst into flames and left me with chemical burns,https://news.ycombinator.com/item?id=29602038,"I, for one, am happy the author made this post. I never considered this a possibility and while i probably wont change my current headphones ill hopefully be vigilant to excess heat coming from them in the future, and not touch the product afterwards with my bare hands to avoid the described chemical burns.",penjelly,0
My Bose QC-35 II headphones burst into flames and left me with chemical burns,https://news.ycombinator.com/item?id=29602038,I use these headphones.. I think I will continue to use them even after reading this. They're expensive and I have nothing to replace them with.. Off topic - Jorg Baller's comment on the blog post is confusing and seems rude.,Graffur,0
My Bose QC-35 II headphones burst into flames and left me with chemical burns,https://news.ycombinator.com/item?id=29602038,"A few years ago, the charging port in my Samsung Galaxy S7 caught fire while charging in my car. Luckily in this case I was present, and was able to disconnect the phone when I smelled the smoke. The fire just fizzled out as soon as I disconnected the charger. In this case it wasn't the battery burning, but something else in the system. It took a bit of arguing with the technician at the Samsung store, however in the end they just replaced the phone. In this case there was no damage to anything ",ajxs,0
My Bose QC-35 II headphones burst into flames and left me with chemical burns,https://news.ycombinator.com/item?id=29602038,"> ""Occasionally you have the teammate without an optimal AV setup for conference calls where everytime they speak there's an echo, and I'd be like, ""psst... get a pair of these, the mic quality is great and they're portable."" I knew a lot of people who grabbed a pair."" I don't dispute the possibility of the burns, but I stopped reading here. The ""echo"" effect is caused from somebody using speakers instead of headphones as an output device during a call. Sometimes, having a good microphone or goo",Nuzzerino,0
My Bose QC-35 II headphones burst into flames and left me with chemical burns,https://news.ycombinator.com/item?id=29602038,Call a negligence lawyer. It won't cost you anything.,Animats,0
My Bose QC-35 II headphones burst into flames and left me with chemical burns,https://news.ycombinator.com/item?id=29602038,"I’m not sure which is more alarming - that this happened in the first place, or reading some of the hateful negative comments here and on his post. Can we not just acknowledge that a fellow human got hurt and see how we can do better? Personally I find OP’s experience helpful - it never occurred to me that a failure like this might happen, and it causes me to question if I want to keep using my wireless headphones.",solfox,0
My Bose QC-35 II headphones burst into flames and left me with chemical burns,https://news.ycombinator.com/item?id=29602038,So one small battery on your head is scary. What happens if this happens in an electric car where you are sitting on a huge bank of batteries?,xupybd,0
My Bose QC-35 II headphones burst into flames and left me with chemical burns,https://news.ycombinator.com/item?id=29602038,I wondered how long it was going to be before this happened. As the amount of devices with lithium ion batteries increases the risk of house fire increases. To the OP I wish you a speedy recovery from your injuries and would encourage you to seek legal recourse so that bose is fully motivated to resolve this issue for you and other Bose customers.,CTDOCodebases,0
My Bose QC-35 II headphones burst into flames and left me with chemical burns,https://news.ycombinator.com/item?id=29602038,"I'd take up on his offer. I also have this exact model, bought them in 2019 at an airport and right at the time when they were warning about a particular Samsung device bursting into flames before every flight. There must be hundreds of thousands of them in the wild. I won't charge mine when I'm not around anymore.",shimonabi,0
My Bose QC-35 II headphones burst into flames and left me with chemical burns,https://news.ycombinator.com/item?id=29602038,"So you accidentally pierced the lipo battery and it spewed hot lithium juice on you. It sucks but it's not horrendously dangerous and obviously they should replace the product if it doesn't turn out to be due to personal negligence. Every wireless product you buy is almost guaranteed to have this same ""flaw"". If the battery gets damaged, it can ruin your product and maybe even hurt you. Why did you switch from the wired version? You never explained. I got into Remote Control quadcopters this las",robinduckett,0
My Bose QC-35 II headphones burst into flames and left me with chemical burns,https://news.ycombinator.com/item?id=29602038,One more reason I'm never giving up my headphone jack or my Sennheiser HD600.,snvzz,0
My Bose QC-35 II headphones burst into flames and left me with chemical burns,https://news.ycombinator.com/item?id=29602038,"This is an important reminder to all of us using battery-powered devices: there is just a tiny bit of electronics separating us from a fire. There is a non-zero risk this electronics can malfunction. It does happen en-masse like with Samsung Galaxy Note 7, and it happens in individual cases like with Samsung Galaxy A21. It is important to be always aware of this possibility, because the consequences can be fatal. For that reason, unless it's necessary, I prefer not to keep my phone in my pocket.",hdjjhhvvhga,0
My Bose QC-35 II headphones burst into flames and left me with chemical burns,https://news.ycombinator.com/item?id=29602038,The chemical burns part seems the worst to me.  I suppose the thing to do (from a little light googling) is to quickly remove any visible stuff on you and then wash with lots of water ASAP.  Anyone correct me on that?,ALittleLight,0
My Bose QC-35 II headphones burst into flames and left me with chemical burns,https://news.ycombinator.com/item?id=29602038,"Calcium Gluconate gel would be a good idea for the burns. If you were exposed to any HF from the battery fire, it's the standard low-dose treatment used in laboratories where HF is handled (source: worked in a lab where we handled HF, was hit by a tiny droplet once). That said, beyond 24 hours not sure how useful it would be. Lithium Ion batteries don't have heavy metals in them, so there's no risk there.",XorNot,0
My Bose QC-35 II headphones burst into flames and left me with chemical burns,https://news.ycombinator.com/item?id=29602038,"I once considered buiyng Bose noise-cancelling headphones to use them on the plane or in the train. Turned out I am not as much music fan, and a good book has similar noise-cancelling effect for me (like in I stop paying attention to noise). I wonder what would happen if those earphones got burned midflight. My guess is urgent plane landing.",SergeAx,0
My Bose QC-35 II headphones burst into flames and left me with chemical burns,https://news.ycombinator.com/item?id=29602038,"Scary. Are we, as the consumer, pushing for safer batteries? Is there a shut-down mechanism available for lithium battery faults?",adamredwoods,0
This Homemade Headphone Amplifier Is A Work Of Art,https://news.ycombinator.com/item?id=3874604,"This is a lovely piece of work; I think it's missing the point to speculate on possible profit margins, or the magnitude of a kickstarter project; the thing is the point here. Something so well turned out makes me want to make things, not buy them.",jfb,0
This Homemade Headphone Amplifier Is A Work Of Art,https://news.ycombinator.com/item?id=3874604,"He could make a killing selling these devices - if the sound quality is good and if he can find a way to produce an audiophile-sized batch. I'd pay in the $100 range for one without thinking, real audiophiles would probably pay much more.",moe,0
This Homemade Headphone Amplifier Is A Work Of Art,https://news.ycombinator.com/item?id=3874604,"His site:
<a href=""http://runawaybrainz.blogspot.co.uk/2012/04/audio-crystal-cmoy-freeform-headphone.html"" rel=""nofollow"">http://runawaybrainz.blogspot.co.uk/2012/04/audio-crystal-cm...</a>",ortusdux,0
This Homemade Headphone Amplifier Is A Work Of Art,https://news.ycombinator.com/item?id=3874604,"This worked out beautifully. I hope we see a lot of new electronics projects built like this in the next few months. His choice to pot the electronics in transparent (apparently polyester) resin reminded me of this unfinished design provocation of mine, ""The Egg of the Phoenix: a computational time capsule"": <a href=""http://www.canonical.org/~kragen/eotf/"" rel=""nofollow"">http://www.canonical.org/~kragen/eotf/</a> Specifically, I was thinking that potting solar-powered electronics in transparent ",kragen,0
This Homemade Headphone Amplifier Is A Work Of Art,https://news.ycombinator.com/item?id=3874604,"This style (using no circuit boards) is pretty popular in the BEAM robots community, where it's known as ""freeforming"". Here's a random example <a href=""http://www.flickr.com/photos/mohitbhoite/5708836052/in/photostream/"" rel=""nofollow"">http://www.flickr.com/photos/mohitbhoite/5708836052/in/photo...</a>",dimatura,0
This Homemade Headphone Amplifier Is A Work Of Art,https://news.ycombinator.com/item?id=3874604,"Does anyone know what the lifespan of the resin is? Is it longer than 6 months? For example, see the link here that states this resin has a 6 month lifespan. Wondering if you can get them for longer lifespans measuring in years. <a href=""http://www.dickblick.com/products/castincraft-clear-polyester-casting-resin/"" rel=""nofollow"">http://www.dickblick.com/products/castincraft-clear-polyeste...</a>",phodo,0
This Homemade Headphone Amplifier Is A Work Of Art,https://news.ycombinator.com/item?id=3874604,Depending on how hard you drive it heat dissipation may be an issue. It sure looks nice though.,bcl,0
This Homemade Headphone Amplifier Is A Work Of Art,https://news.ycombinator.com/item?id=3874604,"Beautiful! It's very difficult to assemble a circuit without a substract (PCB or other), and those wires aren't going to stay straight by themselves. The shining capacitors are a special touch (I guess he removed the plastic cover on them) I'm not sure about the sound quality though.",raverbashing,0
This Homemade Headphone Amplifier Is A Work Of Art,https://news.ycombinator.com/item?id=3874604,"Let's just hope that none of the capacitors break in the near future. While it may look cool, it's a complete disaster for maintenance.",cake,0
This Homemade Headphone Amplifier Is A Work Of Art,https://news.ycombinator.com/item?id=3874604,"Anyone know about the thermal conductivity of the cured resin? If it's a thermal insulator I wonder if the capacitors might burn out after prolonged use because there's not enough heat dissipation. Oh, and I want one.",kfury,0
This Homemade Headphone Amplifier Is A Work Of Art,https://news.ycombinator.com/item?id=3874604,"Very nice, but seeing that made me wonder whether this can be improved as follows: instead of soldering, drill holes in the copper wire that are slightly smaller than the thickness of the component wires you want to attach. Then, heat or cool both enough for the component wires to fit through the hole (thermal expansion factors will hopefully be different enough for this to work), put them in and let the device go back to room temperature.",Someone,0
This Homemade Headphone Amplifier Is A Work Of Art,https://news.ycombinator.com/item?id=3874604,"If pricing seems to be a question, just put the project up on the most accurate consumer-pricing a/b simulator of all time[1]. [1] <a href=""http://www.kickstarter.com"" rel=""nofollow"">http://www.kickstarter.com</a>",muhfuhkuh,0
This Homemade Headphone Amplifier Is A Work Of Art,https://news.ycombinator.com/item?id=3874604,What's the application for such a thing?  I'd buy one just because it looks completely cool but I'm not sure what I would do with it.,crikli,0
This Homemade Headphone Amplifier Is A Work Of Art,https://news.ycombinator.com/item?id=3874604,"There are lots of really easy to make headphone amplifier plans on the www. Some of them would be suitable for beginners to electronics.  The practical aspects are easy enough.  And the theory is reasonably straightforward. And people enjoy putting them in nice cases.  Often these are lumps of wood, or aluminum; this resin case is a lovely example though.",DanBC,0
This Homemade Headphone Amplifier Is A Work Of Art,https://news.ycombinator.com/item?id=3874604,This would be a perfect Kickstarter project.  I'd like one.,joshontheweb,0
This Homemade Headphone Amplifier Is A Work Of Art,https://news.ycombinator.com/item?id=3874604,"Is that enameled copper wire or how does one solder on  copper wire? Also, what did he do exactly to avoid damaging the capacitors?",zerostar07,0
This Homemade Headphone Amplifier Is A Work Of Art,https://news.ycombinator.com/item?id=3874604,Very cool. This made me realize that its been a long time since I visited the Head-Fi forums.,RexRollman,0
This Homemade Headphone Amplifier Is A Work Of Art,https://news.ycombinator.com/item?id=3874604,&#62;is either a very dedicated audiophile or just has a lot of time on his hands. Why this passive aggressive line in an article praising how cool and pretty this amp is?,benihana,0
This Homemade Headphone Amplifier Is A Work Of Art,https://news.ycombinator.com/item?id=3874604,I bet that is noisy as fuck. Long traces and no shielding - utter turd. Form should never compromise function.,gouranga,0
HD 555 to HD 595 mod (or: how Sennheiser cripples cheaper headphones),https://news.ycombinator.com/item?id=2214158,"I understand that this raises eyebrows, but it's hardly fraud. Do people actually think that retail price is a function of production/R&#38;D cost? It's not, never has been. Dropbox charges 20$ for something that consumes marginally more ressources and incurs identical R&#38;D costs when compared to the 10$ product. Chip manufacturers do this all the time. Discounts for electronics and groceries are fully artificial. A much more realistic model is price as whatever the market can bear. I sincere",apl,0
HD 555 to HD 595 mod (or: how Sennheiser cripples cheaper headphones),https://news.ycombinator.com/item?id=2214158,How long until we get a DMCA-like law preventing these kinds of blog posts?  He'd be guilty of trafficking in technology which aids in the circumvention of profit-enhancing business practices.,defen,0
HD 555 to HD 595 mod (or: how Sennheiser cripples cheaper headphones),https://news.ycombinator.com/item?id=2214158,"I see a lot of people reacting to this the wrong way. Rather than getting angry at the company for segmenting its market, why not enjoy the fact that you can buy their top-of-the-line product for a fraction of the price?  Rather than raise a stink and force them to do something about it, why not stay relatively quiet about it and let those of us in the know profit from it? I'm still upset that Baush and Lomb got raked over the coals so publicly for packaging the exact same lenses as monthly, wee",jasonkester,0
HD 555 to HD 595 mod (or: how Sennheiser cripples cheaper headphones),https://news.ycombinator.com/item?id=2214158,You know what the most depressing thing about this article is for me?  I no longer have the option of being an audiophile.  :( I toured professionally as a drummer with a tech metal band and played with a click track every night.  I used Ultimate Ears (high-quality earbuds) with ProTools through a rack amp.  I had guitar tracks going behind the click track (metronome) for reference and let's put it this way... the reference guitar tracks had to be louder than the actual live amplifiers/PA and th,TimothyBurgess,0
HD 555 to HD 595 mod (or: how Sennheiser cripples cheaper headphones),https://news.ycombinator.com/item?id=2214158,"I understand people defending the practice, but this nonetheless offends me. For me, it isn't about the 555 owners getting a crippled product, but that the 595 owners are paying a huge markup. People are talking about market behavior and what not, but I don't feel like Sennheiser is behaving in good faith here. They are intentionally relying on opaque information (this is obviously news to almost everyone), and making price the only way consumers have to reliably differentiate between the produc",latch,0
HD 555 to HD 595 mod (or: how Sennheiser cripples cheaper headphones),https://news.ycombinator.com/item?id=2214158,"A related pricing quirk that I found interesting. HD 555 MSRP in the States is $170, and you can buy it for $85 on amazon.com[1]. Right across the border, the MSRP is 200 CAD (202.5 USD) and you could get it for 180 CAD on amazon.ca[2]. In other words, the discounted price in Canada is higher than the nominal price in the States, which in turn is almost twice what consumers actually pay for these headphones. [1] <a href=""http://www.amazon.com/Sennheiser-HD555-Professional-Headphones-Channeling/d",georgecmu,0
HD 555 to HD 595 mod (or: how Sennheiser cripples cheaper headphones),https://news.ycombinator.com/item?id=2214158,"This article is good for Sennheiser, I just ordered a pair of the 555's from Amazon for $85",sfphotoarts,0
HD 555 to HD 595 mod (or: how Sennheiser cripples cheaper headphones),https://news.ycombinator.com/item?id=2214158,"Imagine you are kid and the other kid approaches you with mug you really like: <pre><code>  - Take a look at this wonderful mug with Mickey Mouse. It's worth 20$
  - I'd love to buy that but I only have 5$
  - Would you pay 50$ for it if the mug didn't have handle?
  - Yes I need a mug, but handle is so convenient...
  - I can take 5$ (as he breaks of the mug handle)
</code></pre>
Could you really buy this thing and not feel like he spat in your face? It's not about market it's about psychology ",scotty79,0
HD 555 to HD 595 mod (or: how Sennheiser cripples cheaper headphones),https://news.ycombinator.com/item?id=2214158,"For what it's worth, I picked up a pair of HD595s back in early 2007 for $150, refurbed.  They're still in absolutely perfect quality (despite more abuse than you can imagine) and by far the best headphones I've ever owned.  Worth every cent, no questions asked.",daeken,0
HD 555 to HD 595 mod (or: how Sennheiser cripples cheaper headphones),https://news.ycombinator.com/item?id=2214158,"I've got a better hack for you. Buy a $20 pair of Koss KTXPRO1 <a href=""http://amazon.com/dp/B00007056H"" rel=""nofollow"">http://amazon.com/dp/B00007056H</a> Read the reviews. They sound almost as good as $200 headphones. I own a couple of Sennheiser, and I prefer the Koss unless I need closed cans for some reason.",ck2,0
HD 555 to HD 595 mod (or: how Sennheiser cripples cheaper headphones),https://news.ycombinator.com/item?id=2214158,"We had two pairs in the office and modded one and not the other. In a blind test two of three actually preferred the non-modded 555's. Our test wasn't great though, 10 seconds of a relatively low quality mp3 and none of us are audiophiles, though the one of us who is the closest to being an audiophile was the one who preferred the modded headphones so, take that fwiw. If you're going to do it, I found that you have to pull hard, as in really, uncomfortably hard on the foam padding to get it off.",zzzmarcus,0
HD 555 to HD 595 mod (or: how Sennheiser cripples cheaper headphones),https://news.ycombinator.com/item?id=2214158,"On Amazon, the headphones are closer in price... $85 for the HD555 and $150 for the HD595.  Still paying $65 for one less piece of foam.",foresterh,0
HD 555 to HD 595 mod (or: how Sennheiser cripples cheaper headphones),https://news.ycombinator.com/item?id=2214158,"Intel, AMD and Nvidia are also notorious for these kinds of practices.",iwwr,0
HD 555 to HD 595 mod (or: how Sennheiser cripples cheaper headphones),https://news.ycombinator.com/item?id=2214158,"The blog post doesn't mention all of the aesthetic differences--which, at the current Amazon price point, could justify the price difference for some--so I thought I would mention the others here: -the headband is leather
-cans have a Sennheiser logo on them
-cans have a chrome ring around them
-comes with a nifty headphone stand / mount disclosure: I own some 555's, and will be trying this mod at the office on Monday.",deltaqueue,0
HD 555 to HD 595 mod (or: how Sennheiser cripples cheaper headphones),https://news.ycombinator.com/item?id=2214158,"While this is really neat, the 595s also feature some nicer padding on the headband.  Probably not enough for the price difference, but I just wanted to note that the piece of foam is not the only difference between the two.",Goonbaggins,0
HD 555 to HD 595 mod (or: how Sennheiser cripples cheaper headphones),https://news.ycombinator.com/item?id=2214158,"Years ago, I recall reading (almost certainly on Usenet) a parable which involved a king who needed some bricks, but the cost of getting them could only be recouped by creating some artificial distinction between 'gold' and common bricks, to sell some at a low-price/high-volume and others at high-price/low-volume. In a contrived manner, it neatly illustrated the case that some arrangements that offend one's intuition are actually the best way to get certain things everyone wants financed. Would ",gojomo,0
HD 555 to HD 595 mod (or: how Sennheiser cripples cheaper headphones),https://news.ycombinator.com/item?id=2214158,Sounds similar to IBM's practice of inserting 'nops' into software of the AS-400s on otherwise identical hardware to create price gradations.,strlen,0
HD 555 to HD 595 mod (or: how Sennheiser cripples cheaper headphones),https://news.ycombinator.com/item?id=2214158,"As for the mod itself. I just tried it on my 555 and I noticed only a subtle difference. As odd as it may be, I think I prefer the foam. As for Sennheiser's strategy to cripple the product line to handle a different marketing segment; it reminded me of a Steve Blank's post.
<a href=""http://steveblank.com/2009/04/16/supermac-war-story-7-building-the-whole-product/"" rel=""nofollow"">http://steveblank.com/2009/04/16/supermac-war-story-7-buildi...</a>",darkmethod,0
HD 555 to HD 595 mod (or: how Sennheiser cripples cheaper headphones),https://news.ycombinator.com/item?id=2214158,"I just performed the mod. Was really easy and I hear an audible difference (even to my untrained, non-audiophile ears). For the record, the practice does not offend me. This has been done for ages. R&#38;D costs for creating the HD595's were no doubt great and to recoup some money they created a cheaper, crippled version. With headphones you aren't paying for the parts but for the engineering.",aforty,0
HD 555 to HD 595 mod (or: how Sennheiser cripples cheaper headphones),https://news.ycombinator.com/item?id=2214158,"So the plastic bag that supposedly contains the driver is labeled, ""System with resonator left side"".  Is ""System"" what they call the driver? I'm interested in seeing what Sennheiser's justification for this is.  It seems odd to piss off buyers of high-end products, because they're the ones that do the research.  You can't just go to Target and buy some HD5*5 cans; you have to order them from an audiophile-y place (or Amazon). (The processor manufacturers make their price structure clear.  They ",jrockway,0
HD 555 to HD 595 mod (or: how Sennheiser cripples cheaper headphones),https://news.ycombinator.com/item?id=2214158,"In case anyone is interested, I just did this mod for my hd555s and can confirm that it does seem to make the sound clearer although I can't really make a good comparison for obvious reasons.",ent,0
HD 555 to HD 595 mod (or: how Sennheiser cripples cheaper headphones),https://news.ycombinator.com/item?id=2214158,Brilliant. Brought my HD-555 alive.,m3mb3r,0
HD 555 to HD 595 mod (or: how Sennheiser cripples cheaper headphones),https://news.ycombinator.com/item?id=2214158,"FWIW, Sennheiser USA's CEO says the mod upgrade claim isn't accurate:
<a href=""http://twitter.com/#!/SennheiserUSA/status/37092187850153984"" rel=""nofollow"">http://twitter.com/#!/SennheiserUSA/status/37092187850153984</a> (""Urban myth deserves no response. Read the specs; do the tests....all factual. Listen to both and you be the judge."") I interpreted ""urban myth"" as a slam instead of a firm answer, but he confirmed that's their position:
<a href=""http://twitter.com/#!/SennheiserUSA/status/37163",troydavis,0
HD 555 to HD 595 mod (or: how Sennheiser cripples cheaper headphones),https://news.ycombinator.com/item?id=2214158,"According to Amazon, the HD595 is actually heavier by 10g than the HD555. Is the headband different?",ramchip,0
HD 555 to HD 595 mod (or: how Sennheiser cripples cheaper headphones),https://news.ycombinator.com/item?id=2214158,"Sennheiser is a company I've always tried to steer clear of because of this.  There's a lot of companies that take advantage of their branding (i.e. M-Audio, Monster cable, etc) to jack up the prices on mediocre hardware. Once stuff hits guitar center and best buy, you're probably going to be getting ripped off somewhere.  You can buy better quality Mogami mic cable from a pro-audio supplier than you can from Guitar Center for half the cost.  The audiophile world (along with the ""guitar aficiona",juiceandjuice,0
HD 555 to HD 595 mod (or: how Sennheiser cripples cheaper headphones),https://news.ycombinator.com/item?id=2214158,"Great bargain. Additionally, the HD-555 can be had for about 100 on eBay. I've been buying my Sennheisers there for years, always the 570 model but that's a bit dated now.",xal,0
HD 555 to HD 595 mod (or: how Sennheiser cripples cheaper headphones),https://news.ycombinator.com/item?id=2214158,"The added piece of foam has to cost them something. So, really, the ""broken"" headphones should be more expensive, right? In any case, my friends and I have long held the belief that ""If you can't open it, you don't really own it"". If my toaster breaks, you can be sure I'll open it up and try to fix it before I think of buying a new one. Though before anyone thinks of flaming, I'm ok with my iPad. I can make an exception for this type of tech!",spiralganglion,0
HD 555 to HD 595 mod (or: how Sennheiser cripples cheaper headphones),https://news.ycombinator.com/item?id=2214158,"I just did this, and performed a very rough A/B test with one earpiece modded, while leaving the foam on the other.  The bass (on a bass-heavy song) was very noticeably more muted on the stock earpiece, sounding almost completely dead compared to the one without the foam.  Needless to say, I quickly removed the other, and now they sound better than ever.  Highly recommended!",cypherpunks01,0
HD 555 to HD 595 mod (or: how Sennheiser cripples cheaper headphones),https://news.ycombinator.com/item?id=2214158,"Actually, this is an article that'll make Steve Blank proud. His SuperMac cards were all the same, but tuned slower for the cheaper versions.",teyc,0
HD 555 to HD 595 mod (or: how Sennheiser cripples cheaper headphones),https://news.ycombinator.com/item?id=2214158,"This is called Product differentiation. Every company is doing it. And if not, they will likely lose to their competitors. This is Marketing base knowledge: <a href=""http://en.wikipedia.org/wiki/Product_differentiation"" rel=""nofollow"">http://en.wikipedia.org/wiki/Product_differentiation</a>",js4all,0
Bluetooth stack modifications to improve audio quality on headphones without AA (2019),https://news.ycombinator.com/item?id=38396658,"This is great: SBC is widely supported and this seems like a natural extension of the existing standard. The issue I personally have is not about SBC vs LDAC or AAC, but that HFP is garbage. The moment the mic gets switched on, I’m transported back to the 90s. If someone wants to make bidirectional Bluetooth audio that doesn’t suck, I’d be thrilled.",noodlesUK,0
Bluetooth stack modifications to improve audio quality on headphones without AA (2019),https://news.ycombinator.com/item?id=38396658,"This article is not about Bluetooth in general, it is a deep dive into the bugs buried within the Android Bluetooth stack. And what the writer is not acknowledging at all is that the underlying hardware being used is highly variable. Android runs on top of numerous Bluetooth chipsets. So when he gets a patch to seem to work on his hardware, there is no saying that it will work for a different Android phone. Furthermore, this all depends on what else the device is up to at the current moment. If ",jwtorres,0
Bluetooth stack modifications to improve audio quality on headphones without AA (2019),https://news.ycombinator.com/item?id=38396658,"""Alternative A2DP Driver"" offers this functionality on Windows. Lets you customize SBC parameters, use AAC, aptX (apparently, haven't tried). Works well in my experience, lets me use LDAC with my sony XM4's. It's trialware, but cheap. I have seen the bluetooth range drop off in higher quality modes, which seems to confirm it's actually changing the codec (or at least something) and not just a placebo. <a href=""https:&#x2F;&#x2F;www.bluetoothgoodies.com&#x2F;a2dp&#x2F;"" rel=""nofollow noreferrer"">",velox,0
Bluetooth stack modifications to improve audio quality on headphones without AA (2019),https://news.ycombinator.com/item?id=38396658,"Perhaps interesting to note: on Linux, you can also enable higher bitrate SBC audio (though something dubbed ""SBC XQ""). Similarly, ""mSBC"" can be used for higher quality headset audio (still nowhere close to SBC or more APTX, of course). I hope someone over at Google merges this, or something like this, already. Better audio codec are supported by tons of headphones and such, but support is not universal and bidirectional audio improvements definitely aren't.",jeroenhd,0
Bluetooth stack modifications to improve audio quality on headphones without AA (2019),https://news.ycombinator.com/item?id=38396658,"Please can someone invent a bluetooth audio profile which allows buffering a long time in advance? Ie. if I'm playing a 1 minute song, the whole song should get buffered up.  Obviously, if I click 'pause' or change the volume, the buffer should be discarded. But the long buffer should let my phone sleep more of the time (saving power), and survive poor radio connectivity.",londons_explore,0
Bluetooth stack modifications to improve audio quality on headphones without AA (2019),https://news.ycombinator.com/item?id=38396658,"I have used this in LineageOS and honestly loved the feature. The ability to send higher quality audio to stuff like my car stereo where I don't have any support for 3P codecs. Also headphones can really benefit from this. The UX needs some work, but the feature is fantastic.",btreecat,0
Bluetooth stack modifications to improve audio quality on headphones without AA (2019),https://news.ycombinator.com/item?id=38396658,"Would be good to add (2019) to the title. It makes statements about ""all current Bluetooth stacks"", while these things have been implemented in at least PulseAudio and PipeWire for a while now.",seba_dos1,0
Bluetooth stack modifications to improve audio quality on headphones without AA (2019),https://news.ycombinator.com/item?id=38396658,I'm a little skeptical that Dual Channel at 551 kbps results in noticeably better quality than Joint Stereo at 328 kbps as opposed to just using more bits encoding redundant information. At least for most music - eg stuff that isn't intentionally playing around with different recorded tracks on left and right.,pavon,0
Bluetooth stack modifications to improve audio quality on headphones without AA (2019),https://news.ycombinator.com/item?id=38396658,Jumping on with a related question: Does anyone know of any way to improve the HFP on MacOS with Bluetooth? The same headset I'm using on Linux with mSBC and pretty good quality - on MacOS it completely sucks and switches to phone line &#x2F; mono quality. Is there already any hack for Darwin to make it behave properly?,viraptor,0
Bluetooth stack modifications to improve audio quality on headphones without AA (2019),https://news.ycombinator.com/item?id=38396658,i didn't know i was using SBC (Lineage 18-1 doesn't show that UI checkbox when connecting devices with SBC capability) until this post! _magic_ *-*,_c3ag,0
Bluetooth stack modifications to improve audio quality on headphones without AA (2019),https://news.ycombinator.com/item?id=38396658,Is it possible to measure the signal strength and auto-fallback to lower bitrates as the device starts to go near the edge of range? Random audio glitches are even more annoying than poor frequency response and robotic-sounding music to me...,londons_explore,0
Bluetooth stack modifications to improve audio quality on headphones without AA (2019),https://news.ycombinator.com/item?id=38396658,"> I tried to contact many Bluetooth stack developers from Google, asking them to consider including my patches to the main Android branch—AOSP, but did not receive a single answer. Very sad. Android is open source code with an closed development model. Most communication and design work happens behind closed doors, cutting off anyone who doesn't work at Google.",codewiz,0
Bluetooth stack modifications to improve audio quality on headphones without AA (2019),https://news.ycombinator.com/item?id=38396658,This artificial limitation sounds very much like a purposeful limitation to gather licensing fees.,emilfihlman,0
Bluetooth stack modifications to improve audio quality on headphones without AA (2019),https://news.ycombinator.com/item?id=38396658,"This is about Android's Bluetooth stack. Is the Android Bluetooth stack usable on Linux in general?  It seems to work a whole lot better and with more devices, so would be great if it was usable.",freedomben,0
Bluetooth stack modifications to improve audio quality on headphones without AA (2019),https://news.ycombinator.com/item?id=38396658,Do anyone know whether the new LE Audio standard include high quality duplex audio (headphones + microphone)? Or is it still mSBC 16 kHz?,ValdikSS,0
Bluetooth stack modifications to improve audio quality on headphones without AA (2019),https://news.ycombinator.com/item?id=38396658,(2019),JeremyNT,0
Bluetooth stack modifications to improve audio quality on headphones without AA (2019),https://news.ycombinator.com/item?id=38396658,"This is exactly my vibe. Super cool, props to the author for improving things purely through software.",lawrenceyan,0
Bluetooth stack modifications to improve audio quality on headphones without AA (2019),https://news.ycombinator.com/item?id=38396658,Wasn't expecting a harb link getting to the front of hn. Congrats to the author,Moldoteck,0
Bluetooth stack modifications to improve audio quality on headphones without AA (2019),https://news.ycombinator.com/item?id=38396658,I wish something like this existed on MacOs :&#x2F;,gchokov,0
Bluetooth stack modifications to improve audio quality on headphones without AA (2019),https://news.ycombinator.com/item?id=38396658,[flagged],MaryGab,0
Bluetooth stack modifications to improve audio quality on headphones without AA (2019),https://news.ycombinator.com/item?id=38396658,What a week written article,xchip,0
"Bringing back the iPhone headphone jack, in China",https://news.ycombinator.com/item?id=15190199,"> I went through a ton of iterations and debugging to get this to work. The hardest parts were the electrical design and getting everything to fit inside the phone. Crikey! How many iphones did he drill holes in? > I also ended up having to buy lots, and lots, and lots of spare parts. I went through 3 complete iPhone 7s, a handful of screens, and countless internal components (mostly bottom cable assemblies and taptic engines). 3. Ok, that's dedication. >  I feel like I got extremely lucky about",Kluny,0
"Bringing back the iPhone headphone jack, in China",https://news.ycombinator.com/item?id=15190199,"To be honest I expected the discussion to be more on the idea of customising electronics, either functional or ideological. The irony of owning the only iPhone 7 that has a headphone jack from a company that has a slogan that says ""think different"" is just too rich to not be pointed out. This is the embodiment of the hacker mentality, not satisfied with the status quo and constantly pushing the evenlope. I eagerly await the day when we can ""compile"" physical objects and electronics like we can w",verroq,0
"Bringing back the iPhone headphone jack, in China",https://news.ycombinator.com/item?id=15190199,"The best hypothesis, IMHO from those I've read, to why Apple ditched the jack, was to get a share of the market for headphones - either through their own headphones (Apple-branded and Beats), or through MFI. In any case, now without the jack, they now get a share of any accessory you connect. The adapter, and any 3rd party adapters and headphones, need to be certified as MFI, which includes buying and incorporating the Apple MFI chip (forgot the name) into the design. Which is entirely in their ",retSava,0
"Bringing back the iPhone headphone jack, in China",https://news.ycombinator.com/item?id=15190199,"""There was inexplicably a lot of extra room in the lower left hand corner, right where I wanted to put the headphone jack."" Funny... I thought they removed it to save space.  Apparently they needed space for that void?",ericfrederich,0
"Bringing back the iPhone headphone jack, in China",https://news.ycombinator.com/item?id=15190199,"Regardless of the result and what people think of Apple's decision making process, I find this video to be very inspiring and shows how even black-boxes can be hacked and modified to fit one's needs. As a developer I was always excited when someone found a better&#x2F;different way to use my code in a way that is different than I originally intended to, hopefully manufacturers in the future will focus on making it easier to hack and modify their products.",y0ss,0
"Bringing back the iPhone headphone jack, in China",https://news.ycombinator.com/item?id=15190199,"Here's a quick note on bluetooth&#x2F;digital sound quality, from recent experience. I'd been playing music on my car stereo (Kenwood, nothing amazing) across bluetooth. I finally got around to picking up a lightning cable to connect directly for charging but thought I'd try playing music across it. I was instantly struck by how much better the sound quality was. I don't think the sound output in this case is digital am I right? Lightning still supports analogue output equivalent to the headphon",rusk,0
"Bringing back the iPhone headphone jack, in China",https://news.ycombinator.com/item?id=15190199,"Last weekend I paid $50 - yes, $50 - for a third party adapter at an airport kiosk after realizing I had forgotten the cheap apple adapter and was staring down a 10 hour flight with incompatible headphones. It also allows charging while listening to audio, which has also been a hassle to not be able to do, so I gritted my teeth and made the purchase. The whole situation is comical. Apple getting rid of the headphone jack was a ridiculous move that leaves me with a really bad taste in my mouth ab",kbos87,0
"Bringing back the iPhone headphone jack, in China",https://news.ycombinator.com/item?id=15190199,"I added the following comment to the blog post. (So the ""you"" is addressed to the blog OP.) My comment is currently awaiting moderation, so I'm posting it here too just in case it never shows up on the blog. --- In case you are not aware of <a href=""https:&#x2F;&#x2F;ramtin-amin.fr&#x2F;#tristar"" rel=""nofollow"">https:&#x2F;&#x2F;ramtin-amin.fr&#x2F;#tristar</a>, I’ll just leave this here. No affiliation, I discovered it via Hacker News a while back (by the way, your post is at <a href=""https:&#x",exikyut,0
"Bringing back the iPhone headphone jack, in China",https://news.ycombinator.com/item?id=15190199,"> The PCB has a switching chip that switches between connecting the headphone adapter to the phone by default, and then disconnecting it and connecting the lightning jack when something is plugged into it. Ah but this means you can't listen through the jack and charge your phone at the same time. That's my most missed feature since Apple did away with the headphone jack (I think technically you can still do this with a dongle?). Cool project overall though, kudos to the author.",ramzyo,0
"Bringing back the iPhone headphone jack, in China",https://news.ycombinator.com/item?id=15190199,"The most striking thing here to me were the casual hardware labs in random apartments, that have really great equipment but mostly great operators. Shenzhen seem to be a hacker's wonderland.",AndrewKemendo,0
"Bringing back the iPhone headphone jack, in China",https://news.ycombinator.com/item?id=15190199,"He may have recovered the convenience, but maybe not the quality [1].  Whenever I google this I'm amazed at the sheer delusion of the apple fanboy's publishing empire[2] with so many pseudo-technical articles explaining, for example, how a digital output is better than an analogue output and that it does away with a DAC.  Hmmm.  Disappointed to hear that google will follow with the pixel 2. [1] <a href=""http:&#x2F;&#x2F;bgr.com&#x2F;2016&#x2F;09&#x2F;20&#x2F;iphone-7-headphones-jack-sound-test&#",dm319,0
"Bringing back the iPhone headphone jack, in China",https://news.ycombinator.com/item?id=15190199,"If you need to make the text readable: .item-content {
    color: #000000;
}",edent,0
"Bringing back the iPhone headphone jack, in China",https://news.ycombinator.com/item?id=15190199,"I haven’t upgraded my iPhone 6 or my wife’s iPhone to latest because of the lack of headphone jack and my disgust with dealing with dongles. Perhaps once wireless headphones are available, I’ll upgrade. Apple MacBooks are kind of underpowered and not too attractive relative to what’s becoming available in windows land - perhaps it’s time to start switching back from all this Apple stuff I’ve bought into over the years.",sheeshkebab,0
"Bringing back the iPhone headphone jack, in China",https://news.ycombinator.com/item?id=15190199,"> There was inexplicably a lot of extra room in the lower left hand corner, right where I wanted to put the headphone jack. Maybe there was room because they removed the headphone jack?",nkrisc,0
"Bringing back the iPhone headphone jack, in China",https://news.ycombinator.com/item?id=15190199,"We need to vote with our soldering irons! <a href=""http:&#x2F;&#x2F;alumni.media.mit.edu&#x2F;~mellis&#x2F;cellphone&#x2F;index.html"" rel=""nofollow"">http:&#x2F;&#x2F;alumni.media.mit.edu&#x2F;~mellis&#x2F;cellphone&#x2F;index.html</a> make our own damn free software&#x2F;hardware phones!  Those port stealing bastards!",Tistel,0
"Bringing back the iPhone headphone jack, in China",https://news.ycombinator.com/item?id=15190199,I have no studies to back this up but my Lightening Apple headphones last longer(don't break) then the 3.5mm headphone jack equivalent.  I plan the volume quite loud and listen to the over half the day.  I have gone through roughtly 4 pairs of headphones in the last year.,limeblack,0
"Bringing back the iPhone headphone jack, in China",https://news.ycombinator.com/item?id=15190199,"I don't miss the headphone jack. At first, I was a bit pissed. Two reasons: I can only use my headphones with the iPhone, so I need to bring two. I can't use any other headphone with the iPhone, so I need to bring the iPhone one. Why I don't miss it? The old headphone jack is not good. First, it has more risk of either breaking (itself) or putting another force on the entry of the device. Second, the audio transmission sucks. The old jack, for some reason, has lots of interference. I'm having th",csomar,0
"Bringing back the iPhone headphone jack, in China",https://news.ycombinator.com/item?id=15190199,Apple changed the game when they released a phone without a physical keyboard. They are doing it again pushing for wireless audio.,arrty88,0
"Bringing back the iPhone headphone jack, in China",https://news.ycombinator.com/item?id=15190199,"Removing the headphone jack and putting a proprietary connector instead was a dick move, but the reason I don't buy Apple phones is because a phone costs almost as much as a Macbook Air. I think it's absurd to be this expensive, and I don't want to give Apple my money.",visarga,0
"Bringing back the iPhone headphone jack, in China",https://news.ycombinator.com/item?id=15190199,People prefer to have a headphone jack over water-resistance? It is pretty save to assume it's no longer water-resistance as it was coming from the factory after the drilling?,thinkMOAR,0
"Bringing back the iPhone headphone jack, in China",https://news.ycombinator.com/item?id=15190199,Personally I haven't used the headphone jack on my phone in years and welcome them getting rid of it in new phones if it makes them lighter or thinner.,emodendroket,0
"Bringing back the iPhone headphone jack, in China",https://news.ycombinator.com/item?id=15190199,"That website needs to adjust its ux. If on an iPhone, swiping down, the thumb or finger does change on the y axis, but also a little on the x axis. While trying to read this it kept opening some gutter menu. Really annoying.",chrisallick,0
"Bringing back the iPhone headphone jack, in China",https://news.ycombinator.com/item?id=15190199,"If this isn't the most elaborate and nerdiest nerd project ever I don't know what is.
And I love it.",throwaway7326,0
"Bringing back the iPhone headphone jack, in China",https://news.ycombinator.com/item?id=15190199,How does it feel spending so much time doing something so fucking pointless?,hanselot,0
"Bringing back the iPhone headphone jack, in China",https://news.ycombinator.com/item?id=15190199,Apple has $261.5 billion of cash and can't figure out how to add a headphone jack to their phone... SMH,exabrial,0
"Bringing back the iPhone headphone jack, in China",https://news.ycombinator.com/item?id=15190199,"It's funny how this is just an electrical engineering video disguised as consumer electronics (not complaining though). In a simple sense, all he did was put the headphone adapter inside of the iPhone (of course he printed his own circuit board and added a switcher). Anyone coming in to the video thinking it's a solution would be misled since it's really only possible if you're willing to fuck with the inside of your phone, obtain the necessary precision tools, learn soldering and other engineer",cooper12,0
No correlation between headphone frequency response and retail price,https://news.ycombinator.com/item?id=14561498,"""Log sine sweeps rather than linear sine sweeps were employed to allow verification that non-linear distortion components were virtually absent."" And with that, this study is bullshit. Human beings don't listen to linear sine sweeps. We listen to music. Recorded music has 8+ octaves of frequency range (the bottom octave plus a little extra is almost always rolled off in real-world recordings, to ease stress on downstream components that can't reproduce such low frequencies anyway), and 20-50db o",beat,0
No correlation between headphone frequency response and retail price,https://news.ycombinator.com/item?id=14561498,"I've spent some time on frequency correction for headphones and reference monitors in my home studio. If you'd like awesome headphones that have a truly flat frequency response, that you can then adjust with EQ to your taste, one option is to get Sony MDR 7506's and run the audio output through a VST plugin (Using soundflower, ableton, etc) which corrects the EQ. You can either buy precalibrated headphones from sonarworks or use a generic but headphones specific calibration profile for the plugi",mmaunder,0
No correlation between headphone frequency response and retail price,https://news.ycombinator.com/item?id=14561498,"Related: - Someone with online alias NwAvGuy put the whole AV industry (ok maybe not the whole, but some big players) in a loop by showing in online forums that a totally inexpensive DIY DAC (with a free design he&#x2F;she shared) could be built with quality rivaling elite products worth thousands of dollars. [1] (well a hazy version of the story goes that he&#x2F;she exposed various audiophile review sites  and forums as being full of sponsored reviews, and that eventually lead to his&#x2F;her ",fizixer,0
No correlation between headphone frequency response and retail price,https://news.ycombinator.com/item?id=14561498,"Of course not! For one thing, as one's earning power increases, one's high frequency hearing deteriorates. So market forces could well be emphasizing features and capabilities other than frequency response. Fashion, build quality, social signals...these are all very significant factors in something you wear, the practical priorities of audiophiles and enthusiasts notwithstanding. In fact, those are probably stronger factors for that set of people! (Of which, I am a member.) Headphones also have ",stcredzero,0
No correlation between headphone frequency response and retail price,https://news.ycombinator.com/item?id=14561498,"DSLRs got the same problem : just compare the Canon 70D ($900) with a Nikon D3300 ($400) on DxOMark.
The Nikon has better image quality despite its low price and bad reviews. We need objective benchmarks for everything. Especially when marketing is growing bigger each year. Even ""Tech websites"" are biased and not objective anymore.",arnaudsm,0
No correlation between headphone frequency response and retail price,https://news.ycombinator.com/item?id=14561498,"It would be nice if we knew which headphones they tested. Since so much of a headphone's reputation these days relies on largely anecdotal evidence from self-professed audiophiles, some kind of objective rating on frequency response for major brands or well-known cans would be highly welcomed in the audio world. It's very easy to say, ""I can hear so much more of the song out of my ATH-M50's than I can a pair of Beats"", and you may be right. But something objective to back it up would be great, t",AdmiralAsshat,0
No correlation between headphone frequency response and retail price,https://news.ycombinator.com/item?id=14561498,"I predict a lot of wrong conclusions will be drawn from this.  This paper does not preclude the possibility that there exist high-priced headphones with better-than-average or even spectacularly good frequency response.  It only says that if you bin together all of the high priced items, their aggregate quality is no better than any other price bin.",calichoochoo,0
No correlation between headphone frequency response and retail price,https://news.ycombinator.com/item?id=14561498,"""Interestingly, sound quality does not seem to be a major attribute for purchase decisions."" This is a silly assumption, and easily explained. 1. Most headphone purchases aren't and cannot be made by comparing sound quality. Reviews of sound quality are so universally understood to be subjective that most consumers probably ignore those details. 2. There is no one subjective or objective standard that is meaningful for all listening material. Podcasts, modern pop music, older pop music, classica",skywhopper,0
No correlation between headphone frequency response and retail price,https://news.ycombinator.com/item?id=14561498,"Price has never been correlated with quality, for any product, ever. Price is correlated with perceived value, which includes quality, brand recognition, brand opinion, current style, and a long list of other factors. (And, yes, this is a horrible use of the word 'correlated.'  'Derived from' or 'based on' would be much better.)",FfejL,0
No correlation between headphone frequency response and retail price,https://news.ycombinator.com/item?id=14561498,"This makes for a cute soundbite, but it doesn't mean what it implies. You could, for example, have a bunch of expensive headphones with frequency response that varies randomly in the [-1,+1] dB range, and a bunch of cheap headphones that are in the [-10,+10] dB range -- that would also show up as uncorrelated. Indeed, they did find a significant difference in magnitude response _error_, although the effect was quite small.",svantana,0
No correlation between headphone frequency response and retail price,https://news.ycombinator.com/item?id=14561498,"Audio nerd here Study says: ""Nevertheless, assuming that the perceived audio quality is largely determined by the spectral magnitude response of headphones..."" This is a very wrong assumption. Audio component designers have more or less a hard time picking up which measurements can correlate with audio quality. And frequency response measurements using sine sweeps, like in the cited study, are almost of no value for discriminating between two transducers (headphones, speakers) with regarding to ",flavio81,0
No correlation between headphone frequency response and retail price,https://news.ycombinator.com/item?id=14561498,"Many expensive headphones are overpriced, but there is a very obvious difference in sound quality between very cheap headphones and medium priced ones. Either they're measuring the wrong thing or their headphone sample isn't what I'd expect.",rb808,0
No correlation between headphone frequency response and retail price,https://news.ycombinator.com/item?id=14561498,"I wonder if there's any effect that in-ear headphones are cheaper to produce but have advantages in accurate low frequency response? Of course all this is confounded by the fact that music will tend to sound best on speakers&#x2F;headphones with a response curve most like the speakers&#x2F;headphones that the mastering engineer used (or more accurately, the set of speakers&#x2F;headphones that the engineer compromised among). You will probably tend to have the best experience listening to music ",jmileham,0
No correlation between headphone frequency response and retail price,https://news.ycombinator.com/item?id=14561498,"> The target function suggested by Olive and Welti (2015) is fairly similar to the average headphone response found in this study, with the exception of a deviation of up to about 5 dB for frequencies between 50 Hz and 2 kHz. I find little fault with the arguments laid out supporting the paper's thesis. For those commenters making the jump to ""sound quality"" (which is not the topic of this paper), the quoted observation above conclusively proves that these headphones have differing tonal qualiti",untangle,0
No correlation between headphone frequency response and retail price,https://news.ycombinator.com/item?id=14561498,"I always buy studio oriented gear for listening to music. If it's good enough to mix the record on, then probably I'll hear enough detail as well. Speakers, headphones, amps. Still there's a difference between regularly priced headphones and the really expensive ones. They tend to be a bit too ""honest"" for some people, more tiring to listen to. They also might hurt your fashion senses.",dep_b,0
No correlation between headphone frequency response and retail price,https://news.ycombinator.com/item?id=14561498,"I don't care about the accuracy of their response curve (I know it isn't flat) after I found Grado[1] headphones. They are the only headphones I've found that don't add a ""headphone"" quality to the sound. It's hard to describe what I mean - it's that most headphones don't sound like a proper set of (quality) speakers. I've speculated it's something to do with most headphones not being able to move enough air. Grado uses very large drivers (voice coil is about 4cm in diameter) in a supra-aural (o",pdkl95,0
No correlation between headphone frequency response and retail price,https://news.ycombinator.com/item?id=14561498,"What's funny is that people tend to buy headphones with insane top frequencies (20-22 kHz), even if most humans cannot really hear sound of such frequency. When you are a teenager and have right genetics then there's a chance that you might hear 19kHz tone. If you are over 30 years old you are probably limited to 17 kHz already. Of course it gets even worse with age.",mamon,0
No correlation between headphone frequency response and retail price,https://news.ycombinator.com/item?id=14561498,How about correlation between the amount of marketing dollars spent compared to the price.,fffernan,0
No correlation between headphone frequency response and retail price,https://news.ycombinator.com/item?id=14561498,"This shows the limits of quantitative studies. Just because you don't know how best to measure doesn't mean it doesn't matter, and there are strong preferences among people who are professionals in this area - of which I am one. I have spent years of my life listening to dialog on film sets; I like my favorite headphones because they have the least difference between how things sound with and without wearing them. I could quantify that, but why bother unless I'm getting paid a hell of a lot to t",anigbrowl,0
No correlation between headphone frequency response and retail price,https://news.ycombinator.com/item?id=14561498,"My first though when I buy headphones is, ""will these fall apart after a week?""",swayvil,0
No correlation between headphone frequency response and retail price,https://news.ycombinator.com/item?id=14561498,"It's annoying that they provide the mfg of the acoustic model and DAC, but not the headphones which would be required to reproduce or filter the experiment. Most consumer audio equipment is a scam.  I'd be interested in the subset of equipment from Shure, AKG, Sennheiser, Sony, Beyerdynamic where the design was actually intended to produce a broad frequency range correctly.",kev009,0
No correlation between headphone frequency response and retail price,https://news.ycombinator.com/item?id=14561498,"The mere frequency response range doesn't correlate with how flat is the frequency response, or with other measures like sensitivity, distortion and whatnot. What's better: speakers that go to 40 kHz, but have a big dip at 4 kHz, versus ones that go flat to 15 kHz and roll off after that?",kazinator,0
No correlation between headphone frequency response and retail price,https://news.ycombinator.com/item?id=14561498,"Nifty! A few years ago, a friend and I created an application that allowed users to import their own MP3s. We scraped the frequency data from the mp3. Once imported, you could then pick two different headphones; for each headphone, we scraped frequency data from headphone.com. The application allowed you to benchmark headphones in real-time, revealing ""how accurately"" your music was being recreated; you'd pit two headphones against one another: clash of cans! Ultimately, yeah, there's the uber-u",goodroot,0
No correlation between headphone frequency response and retail price,https://news.ycombinator.com/item?id=14561498,"I own a bunch of headphones and generally the good headphones aren't cheap - not because it's expensive to make headphones but mostly because of R&D. It's not rocket science though, so you can also pick up very good headphones quite cheaply. I like my Sennheiser HD600's (and MDR-1000x for the office) which are $300 headphones, but equally happy to use Superlux HD-681 EVO or Soundmagic E-10 which cost around $30",dharma1,0
No correlation between headphone frequency response and retail price,https://news.ycombinator.com/item?id=14561498,"It is however unclear whether this improved consistency with a higher retail price is the result of better headphones or better repeatability of measurements with more expensive models. Isn't consistency an important characteristic of a headphone? Perhaps even more important than some ideal frequency response. You want the same sound every time you listen to a song, you don't want it to vary.",Johnny555,0
No correlation between headphone frequency response and retail price,https://news.ycombinator.com/item?id=14561498,"Where's the data by brand and model? The objective measurements on 283 headphones and their prices would be great resource for everyone.  The article can make its point without giving the raw data, but I wonder what their reasons are for excluding such useful and interesting data. Fear of silly lawsuits from manufacturers?",mysterypie,0
No correlation between headphone frequency response and retail price,https://news.ycombinator.com/item?id=14561498,"I thought it was weird that they found that inner-ear had better bass response than over-the-ear headphones, but they did mention that could be an anomaly because the artificial head they use for testing forms a tighter seal with inner-ear headphones than most people's real heads would do.",o_nate,0
No correlation between headphone frequency response and retail price,https://news.ycombinator.com/item?id=14561498,"The frequency response of the apple earpods are totally ok.
<a href=""https:&#x2F;&#x2F;www.innerfidelity.com&#x2F;images&#x2F;AppleEarPods.pdf"" rel=""nofollow"">https:&#x2F;&#x2F;www.innerfidelity.com&#x2F;images&#x2F;AppleEarPods.pdf</a> What industry convinces you to buy things you do not need? Advertising",acd,0
No correlation between headphone frequency response and retail price,https://news.ycombinator.com/item?id=14561498,"Audiophiles are probably experiencing the placebo effect.  Placebos work though, so even if these people are not hearing anything different, if it makes them feel better every time they listen to music through their systems, maybe it is money well invested?",stuaxo,0
No correlation between headphone frequency response and retail price,https://news.ycombinator.com/item?id=14561498,"Is there a good place or study explaining what accounts for ""good"" headphone audio quality ? I mean how do you quantify good and bad audio quality ? I can feel and get it, just not sure if there's a way to measure it.",sh87,0
Best Smartphones That Still Have a Headphone Jack,https://news.ycombinator.com/item?id=20983234,"Apple’s lack of follow-up to the iPhone SE means the SE is still the best iPhone with a headphone jack. I honestly can’t believe Apple did an iPhone event without introducing a new model in that size. I know at least a dozen people (especially women) who had been saying for at least a year that until the SE had a replacement, they’d be using one, or swapping to Android. With the weakest offerings for iPhones yet, in terms of reason to upgrade - and intense consumer demand for such a product, I’m",lostgame,0
Best Smartphones That Still Have a Headphone Jack,https://news.ycombinator.com/item?id=20983234,I've been using the budget Moto G+ line for the past four years. I can upgrade my phone every year around Black Friday and get the latest model for sub $200. The older phones still work well and get handed down to my less tech savvy family members. I'm not really sure what people are paying for when they get those $800+ beasts for phones. When I use a friend's I can tell they are higher quality; either they feel more fancy or load apps more quickly. But it's marginal like the difference between ,tablethnuser,0
Best Smartphones That Still Have a Headphone Jack,https://news.ycombinator.com/item?id=20983234,"I'm a single-issue voter when it comes to cell phones - if it doesn't have a headphone jack, I won't be buying it.",chuckgreenman,0
Best Smartphones That Still Have a Headphone Jack,https://news.ycombinator.com/item?id=20983234,This is just a top-6-best-gadgets list with affiliate links for each pick and a provocative headline.,oftenwrong,0
Best Smartphones That Still Have a Headphone Jack,https://news.ycombinator.com/item?id=20983234,"I got a Nokia 7.1 for around $300 and it has the headphone jack and a Micro SD slot, another feature that phone makers are getting rid of... Phone memory is terrible these days, I have a huge collection of Mp3s and wav files I don't want to give up, despite bluetooth stuttering at times in my car. Putting low onboard memory on modern phones should be a crime when USB sticks with 128GB plus are selling for $15... They do that to boost streaming and data charges... It's like car makers intentional",winternett,0
Best Smartphones That Still Have a Headphone Jack,https://news.ycombinator.com/item?id=20983234,"I've been quite happy with my 6s, going to replace the battery again soon. But eventually iOS updates will cease coming, yet I absolutely cannot live without a headphone jack. Honest question: how would you even approach the Android? My smartphone is basically a more mobile extension of my laptop: sending document snapshots directly from the phone's camera to my MacOS desktop, starting iMessage conversations with anyone with a phone number on a Mac and continuing on my phone, copy-pasting from m",old-gregg,0
Best Smartphones That Still Have a Headphone Jack,https://news.ycombinator.com/item?id=20983234,"I sincerely hope that headphone jacks will return as a fad. Not everyone has bluetooth wireless charging everything, nor do many want that. If you must get rid of the 3.5mm port, why not have dual USB-C to charge and listen at once?",rpmisms,0
Best Smartphones That Still Have a Headphone Jack,https://news.ycombinator.com/item?id=20983234,"If you do any kind of music creation on your mobile device, Bluetooth is completely unacceptable. When you push a key&#x2F;knob, you want to hear the sound NOW, clearly. One of iOS selling points is music production, otherwise, save the money???",Roboprog,0
Best Smartphones That Still Have a Headphone Jack,https://news.ycombinator.com/item?id=20983234,"Totally happy with my SE (I am locked into Apple phones unfortunately and this is my only option). Outside of the headphone jack, I also really like the smaller size.  Plus, I love people's reactions ""how old is your phone!?"" and then get surprised when I say I bought it new 6 months ago.",chasedehan,0
Best Smartphones That Still Have a Headphone Jack,https://news.ycombinator.com/item?id=20983234,I feel like at some point in the near future phone naming conventions will adopt the car manufacturer naming convention of just being the name of the car and then whatever year it is. It would be silly to have the Samsung Galaxy S26 or the Apple iPhone 32 XR instead it should just be the Samsung Galaxy (2028) and the Apple iPhone (2025) or whatever year it is. The updates to the phones will start to get very insignificant from year to year.,izzydata,0
Best Smartphones That Still Have a Headphone Jack,https://news.ycombinator.com/item?id=20983234,"LG V30+ > LG has crafted the best-sounding headphone audio in any smartphone yet. The V30’s quad-DAC audio system is a legitimate technological advancement that delivers real joy <a href=""https:&#x2F;&#x2F;www.theverge.com&#x2F;2017&#x2F;10&#x2F;16&#x2F;16481024&#x2F;lg-v30-headphone-jack-awesome-futile"" rel=""nofollow"">https:&#x2F;&#x2F;www.theverge.com&#x2F;2017&#x2F;10&#x2F;16&#x2F;16481024&#x2F;lg-v30-headphon...</a>",huntermeyer,0
Best Smartphones That Still Have a Headphone Jack,https://news.ycombinator.com/item?id=20983234,A 1% problem. I upgrade my budget Android (ie < GBP150) every 3ish years. Never had this issue.,kitd,0
Best Smartphones That Still Have a Headphone Jack,https://news.ycombinator.com/item?id=20983234,Iphone SE - when you don't need a spaceship in your pocket. also limits the Alphabet co. reach - but I keep a tinfoil hat for extra protection.,manbearpiggy,0
Best Smartphones That Still Have a Headphone Jack,https://news.ycombinator.com/item?id=20983234,"Writing this on my Sony Xperia XZ1. It's small, fast, waterproof, high res, and has headphone jack. My only complaint is lack of openness.",foobarbecue,0
Best Smartphones That Still Have a Headphone Jack,https://news.ycombinator.com/item?id=20983234,"I was wondering, how do people connect two headphones to a single phone? Is that possible with Bluetooth or any other connection method that's not a headphone jack? It seems to me that some people got sloppy with the requirements analysis of their connector.",amelius,0
Best Smartphones That Still Have a Headphone Jack,https://news.ycombinator.com/item?id=20983234,"I'm still on my Samsung S8. The rapid release cycle made me apathetic to every new phone release. Lists like this are good, I want to maximize considering useful features (battery) while ignoring useless additions (1mm thinner!)",namanyayg,0
Best Smartphones That Still Have a Headphone Jack,https://news.ycombinator.com/item?id=20983234,"Since I discovered a USB DAC&#x2F;Pre-amp, I no longer miss headphone jack. My headphone sounds even better using usb dac&#x2F;pre-amp from audioques. I recommend this setup if your phone don't have headphone jack and you still want to use your expensive headphone. Link here: <a href=""https:&#x2F;&#x2F;www.audioquest.com&#x2F;page&#x2F;aq-dragonfly-series.html"" rel=""nofollow"">https:&#x2F;&#x2F;www.audioquest.com&#x2F;page&#x2F;aq-dragonfly-series.html</a>",mkertajaya,0
Best Smartphones That Still Have a Headphone Jack,https://news.ycombinator.com/item?id=20983234,"the pixel 3a is made with non-gorilla glass. didnt we learn like 10 years ago thats a bad idea on a phone? my keys scratched it up in a single day and the whole thing shattered within a couple of weeks. garbage. edit: i know people are saying its dragontail which is supposedly as strong as gorilla. well empirically speaking, i can say that is false; the same key scratches my pixel 3a easily but doesnt leave a mark on my pixel 2. take that for what its worth. ymmv.",anewguy9000,0
Best Smartphones That Still Have a Headphone Jack,https://news.ycombinator.com/item?id=20983234,"Sorry but this list is trash. Every smartphone on that list was overpriced and runs some horrid vendor customized version of Android that's sure to become obsolete because the vendors will stop updating it with a year or two. the one that was around $200 (Motorola) had specs way worse than the phone I'm using (Nokia 2.2) to type this message, which is $70 cheaper than the Motorola and has a headphone jack btw.",alistproducer2,0
Best Smartphones That Still Have a Headphone Jack,https://news.ycombinator.com/item?id=20983234,"Still rocking my iPhone SE. Gonna keep using it until it no longer charges, the headphone port dies, or Apple stops putting out iOS updates for it.",pwenzel,0
Best Smartphones That Still Have a Headphone Jack,https://news.ycombinator.com/item?id=20983234,"The Xiaomi Mi 9T Pro has very good cameras and a headphone jack for about 430 USD: <a href=""https:&#x2F;&#x2F;www.mi.com&#x2F;global&#x2F;mi-9-t-pro"" rel=""nofollow"">https:&#x2F;&#x2F;www.mi.com&#x2F;global&#x2F;mi-9-t-pro</a> In some markets it's called the Redmi K20 Pro.",jzwinck,0
Best Smartphones That Still Have a Headphone Jack,https://news.ycombinator.com/item?id=20983234,"The lack of a headphone jack is the only reason I haven’t upgraded my iPhone 6s. I tend to use them at night, phone plugged in. I have at least five cables and don’t want to buy five dongles which I would lose. I would lose bluetooth earplugs in a matter of days. I just want to keep my system which works perfectly. If at least they had put in two lightning connectors - these are not nearly as durable and start failing now after 5 years. That and the battery would be the only reason for me to get",cmarschner,0
Best Smartphones That Still Have a Headphone Jack,https://news.ycombinator.com/item?id=20983234,"It's ironic how the author chose to  omit one of the last viable smartphones with both a headphone jack and QWERTY keypad that still receives regular security updates[1], yet includes one whose headphone pinout deviates from the rest of standardized industry. [1] <a href=""https:&#x2F;&#x2F;blackberrymobile.com&#x2F;us&#x2F;product&#x2F;blackberry-key2&#x2F;"" rel=""nofollow"">https:&#x2F;&#x2F;blackberrymobile.com&#x2F;us&#x2F;product&#x2F;blackberry-key2&#x2F;</a>",metaphor,0
Best Smartphones That Still Have a Headphone Jack,https://news.ycombinator.com/item?id=20983234,"I'm pretty excited for the ROG Phone 2. I honestly hate the look of it; it's far too ""gamer-y"" for me. I mean, it makes sense since it's a gamer product. But everything else about it looks great. High refresh rate for the screen, double USB-C ports, really good battery life. And it comes with a headphone jack! If it has water resistance, that's what I'm gonna go for. Otherwise, I guess I'm gonna keep my Note9 for a while.",lovehashbrowns,0
Best Smartphones That Still Have a Headphone Jack,https://news.ycombinator.com/item?id=20983234,"I really like my Nokia 8 (and its headphone jack). Much cheaper than most devices on that list, but easily up there with them in terms of every day perceived performance.",jjuhl,0
Best Smartphones That Still Have a Headphone Jack,https://news.ycombinator.com/item?id=20983234,"For the small phone seekers, I've been eyeing the Sharp Aquos R2 Compact. Its a small phone (like they don't make them any more) with a headphone jack. Only problem in my opinion is the non-replaceable battery. Furthermore, since the phone is sold just in Japan, I'm fearing that the always-on shutter sound will still be active in Europe (I read it was sim dependent)",RawChicken,0
Best Smartphones That Still Have a Headphone Jack,https://news.ycombinator.com/item?id=20983234,"I bought a Google Pixel 3a when it came out. After trading in my Pixel 1 (with a damaged screen) and a rebate, it came out to $230 incl. taxes. I've been extremely happy with the phone. It's a huge upgrade over the Pixel 1 and I can use Apple wired earphones when I need to. For anyone looking into buying a new Android phone, I highly recommend the Pixel 3a.",sg47,0
Best Smartphones That Still Have a Headphone Jack,https://news.ycombinator.com/item?id=20983234,"There are many people who's defence of headphone jack removal is 'Bluetooth works for me'. That's not the point though. You may like it, but this is about choice. By removing the audio jack, we have has a choice taken from us, and choice makes or brakes a device.",quirkafleeg3,0
Best Smartphones That Still Have a Headphone Jack,https://news.ycombinator.com/item?id=20983234,"I'm surprised that the OnePlus 6 is not in this list. It is the best smartphone I have owned so far and it has a headphone jack.
There is no way for this list to be exhaustive anyway, there are still a lot of models with a headphone jack (but this trend is indeed annoying).",Seb-C,0
Was ditching the headphone jack a good idea?,https://news.ycombinator.com/item?id=17997487,I say no. I use my iPhone heavily as a synth or guitar processor etc. Bluetooth latency is too high to make it useable wirelessly so I require a hardwire into a mixer to perform. The iPhone has the lowest latency audio stack of smartphones when used  with a wire. This is important and removing the headphone jack means dongles or latency.  What makes this especially bad is that the iPhone camera connector dongle is already required when plugging in many MIDI controllers. This has prevented me fro,peapicker,0
Was ditching the headphone jack a good idea?,https://news.ycombinator.com/item?id=17997487,"I was not irritated by the thickness or weight of my iPhone 6 and its headphone jack. I am regularly irritated by the fact that I can’t charge my iPhone and plug in headphones at the same time. Obviously I can plan around this, but it’s gone from something I don’t have to think about to something I have to think about.",dabbledash,0
Was ditching the headphone jack a good idea?,https://news.ycombinator.com/item?id=17997487,"I was totally on the hate train with how ridiculous it was to remove the headphone jack, and how unnecessary Bluetooth headphones were... ...but once I got my first pair of Bluetooth headphones and realized I never need to deal with tangled&#x2F;frayed&#x2F;broken&#x2F;caught wires again, I'm never looking back. Charging turned out to be, surprisingly, a non-issue. I'm totally convinced Bluetooth headphones are the way forwards, and it's silly to have a jack for old tech. And for the small x% of",crazygringo,0
Was ditching the headphone jack a good idea?,https://news.ycombinator.com/item?id=17997487,"I've got AirPods and I'm sold. I'm not going back to wired headphones. Apple has got proximity-based pairing nailed so well, it's easier than plugging a jack in. I can connect to other iPhones as easily as mine. Macs logged in to my iCloud don't need pairing at all. It works like it should, not like a typical Bluetooth crap. The charging case is more convenient to carry than a bundle of wires. And of course I can walk around, zip my jacket, etc. without minding the wire. It's more expensive, pro",pornel,0
Was ditching the headphone jack a good idea?,https://news.ycombinator.com/item?id=17997487,Is there enough bandwidth available in a cubicle farm or 787 for everyone to use their airpods? I doubt it. Headphone jack was a nice reliable piece of hardware. Thank goodness some other brands are rooted in reality.,exabrial,0
Was ditching the headphone jack a good idea?,https://news.ycombinator.com/item?id=17997487,"I'm more angry at google for removing them from the pixel than for apple. I want to vote with my dollars, but at the moment the options for phones with headphone jacks and no crapware preinstalled are exceedingly limited.",peterbraden,0
Was ditching the headphone jack a good idea?,https://news.ycombinator.com/item?id=17997487,">With the new iPhones coming out today, I wanted to revisit the whole Apple vs. headphone jack fiasco. You keep using that word, fiasco. I don't think it means what you think it means. It doesn't mean ""hoopla"". It means ""disaster&#x2F;failure"". With the phones selling more than any model before them, I'd hardly call that decision a fiasco for Apple.",coldtea,0
Was ditching the headphone jack a good idea?,https://news.ycombinator.com/item?id=17997487,"While I’m definitely not a fan of losing the headphone jack, and don’t love not being able to use my headphones and charge my phone, I do see one positive side effect, and I wonder if Apple is doing it on purpose. You can now buy $20 bluetooth earbuds from Anker that are pretty decent. Apple saying “guess what, everybody: you love bluetooth” has forced the market to respond, and that whole price-down-quality-up thing is really starting to happen. This, of course, is of no use to people who depen",totallymike,0
Was ditching the headphone jack a good idea?,https://news.ycombinator.com/item?id=17997487,"Ended up attaching my dongle to my headphones with a Velcro cable tie after forgetting it one too many times (I need to take it on and off all the time to connect it to my Mac, as it doesn’t have a Lightning port - the fact that that situation exists feels like an omen that Apple aren’t quite firing on all cylinders). It sucks and looks stupid but it kind of solves the problem. I wish they’d not removed the port, it’s a real pain and I’m not willing to go wireless until there’s a way to do it wi",tomduncalf,0
Was ditching the headphone jack a good idea?,https://news.ycombinator.com/item?id=17997487,"I get why some people are annoyed, but it’s not like the 3.5mm jack was so great. If you forget the massive number of compatible headphones in existence, the 3.5mm jack isn’t that great. If we were designing the ideal audio interface today, it would not be the 3.5mm jack. For an audiophile experience, you’d better love the DAC built into your phone. You also probably need to live with whatever audio processing parameters the phone manufacturer chose because probably few, if any, are exposed. You",jmull,0
Was ditching the headphone jack a good idea?,https://news.ycombinator.com/item?id=17997487,"Apple is pursuing the wireless future, as simple as that. Be it audio, data transfer, or even power. In the case of headphone jack, they pursue that goal by fixing the bluetooth flaws not by content with what we have right now. Is it a worthy goal to pursue? Time will tell.",hanief,0
Was ditching the headphone jack a good idea?,https://news.ycombinator.com/item?id=17997487,"I am still pissed at Apple for removing the jack and I held on to my iPhone 6s, until now. I ordered myself an iPhone Xs Max, but only because Shure now offers a Lightning cable for their IEMs. I use the SE846. The biggest issue with the Xs is still, that I cant charge and listen at the same time without using a dongle. And since I travel a lot, this could make me reconsider to buy Apple in the future. Apple really lost points for removing the jack.",einrealist,0
Was ditching the headphone jack a good idea?,https://news.ycombinator.com/item?id=17997487,"I'm pretty disgruntled about losing the 3.5mm jack, but I don't buy this idea that Apple did it to sell wireless Beats, for one reason: the product lineup sucks. Apple knows how to make truly great audio hardware; the AirPods really are extraordinary. But the Beats lineup clearly hasn't received any serious attention, as evidenced by two things: 1) they still sell wireless hardware that doesn't have the W1 chip, two years after it was first released 2) for God's sake, all their devices charge ov",BurritoAlPastor,0
Was ditching the headphone jack a good idea?,https://news.ycombinator.com/item?id=17997487,"Reading these threads, I feel like I am the only person in the world who has had problems with headphones jacks. There's a big scuzzy pop when you plug in or remove the jack while speakers are on. I've had several devices get crud in the jack, so that you have to rotate and push and position the jack just right to get sound. Still, I appreciate having the wire and I wish that USB-C headphones had done better. I would have liked to get phones with two USB-C ports.",VintageCool,0
Was ditching the headphone jack a good idea?,https://news.ycombinator.com/item?id=17997487,I recently needed a new phone and ended up buying a Nokia 8. The fact that it had a headphone jack was one of my main reasons for selecting it. I'm not going to ditch my collection of high quality functioning headphones just to spend more money buying new ones and getting worse audio quality.,jjuhl,0
Was ditching the headphone jack a good idea?,https://news.ycombinator.com/item?id=17997487,"I use the headphones for phone calls, I often work remotely &#x2F; travel and have maybe 3-4 hours on the phone a day on average. Wireless headphones don’t have a mic I can hold close to my mouth, and headsets look doorky, especially if I’m travelling. Not to mention that if the battery runs out I’m stuck holding the phone to my ear (no ability to mute) or on speakerphone (can’t work in an open office or public environment). Not being able to charge the phone and be on the phone at the same time",albertgoeswoof,0
Was ditching the headphone jack a good idea?,https://news.ycombinator.com/item?id=17997487,"no it was not, some of us still like our high quality wired headphones. with that said im also a great believer in having a dedicated device, while ill occasionally use my phone for convenience i generally use a separate device for music as it can provide much better sound quality and not hammer my phones already under capable battery but im a little more serious about my audio than most people. it does however highlight an interesting point, most portable devices make a consideration for air tr",gaspoweredcat,0
Was ditching the headphone jack a good idea?,https://news.ycombinator.com/item?id=17997487,"I like bluetooth headphones, but even the airpods have trouble connecting to my iphone at times, and UI to connect the headphones is a complicated 5+ tap process.  And if they aren't airpods, then I have to go into the settings app specifically and add 3 more taps for even more annoyance. And when I tap to connect a specific bluetooth headphone, it may or may not connect. If it doesn't, its an even more annoying process of turning bluetooth on and off and the headphones on and off to get a conne",woolvalley,0
Was ditching the headphone jack a good idea?,https://news.ycombinator.com/item?id=17997487,"So Apple did it to fatten the bottom line of their Beats subsidiary, which currently owns about half the Bluetooth headphone market.  So why is everyone else dropping the jack on their phones? They don't have a similar profitable arrangement.  It seems like they're just pissing-off potential customers, but without an income stream to compensate.",chiph,0
Was ditching the headphone jack a good idea?,https://news.ycombinator.com/item?id=17997487,"Removing the headphone jack, but allowing the option to use a dongle, I can live with. What really drives me nuts is all these (expensive) wireless headphones and earbuds, but the batteries are not replaceable. After a year or few they basically become useless because the batteries end up degrading and lasting only a fraction of when they were new.",b3b0p,0
Was ditching the headphone jack a good idea?,https://news.ycombinator.com/item?id=17997487,"I put a mid-range Kenwood head unit in my road trip car last year. So far only one person has been able to figure out how to pair their phone to it over Bluetooth (the instruction manual is in the glove compartment; doesn't help). The Bluetooth audio skips. The audio jack requires no set-up, works 100% of the time, and never skips.",sedachv,0
Was ditching the headphone jack a good idea?,https://news.ycombinator.com/item?id=17997487,"Problem with non-wireless headphones is that they break. One side of the headphones stops playing sounds; you can sometimes spin the connector and get the sound back, but that gets annoying, and it stops working eventually. The less wires and connectors, the less things can break, no?",jkabrg,0
Was ditching the headphone jack a good idea?,https://news.ycombinator.com/item?id=17997487,"I see another reason for Apple to exclude headphone jack from iPhone. Now third-party accessories makers can't bypass Apple's Lightning certification by using headphone jack for data transfer. For example, Square used headphone jack for their card reader.",kaneua,0
Was ditching the headphone jack a good idea?,https://news.ycombinator.com/item?id=17997487,"> Audiophiles probably aren’t too keen on being unable to listen to high-bitrate files. Ignoring issues of latency and connection robustness, is this a bandwidth limitation of Bluetooth or is it that the driver&#x2F;codec support isn't there? Or is it audiophile hyperbole? There's no technical reason why you couldn't stream lossless digital audio to a pair of headphones, which might well have a better DAC chipset than the phone.",joshvm,0
Was ditching the headphone jack a good idea?,https://news.ycombinator.com/item?id=17997487,"No, it is not a good idea.  It actually is a massive pain in the butt for iPad labs where we issue headphones to keep the students from getting distracted with each other.  Now, the new iPads are rumored to not include the headphone jack.  That is just going to be wonderful buying a bunch of adapters that can get lost or stolen. Also, how the heck many things do I need a charger for now?  Its bad enough they created a mouse that cannot be used during charging because of the poor placement of the",protomyth,0
Was ditching the headphone jack a good idea?,https://news.ycombinator.com/item?id=17997487,I've never met a Bluetooth device that connected and worked 100% of the time like wired headphones do. $10 headphones these days sound like $100 headphones from ten years ago. The technology has already peaked. There's no reason to spend more or to settle for a technology like Bluetooth that fails to work on a consistent basis. None whatsoever. I will never choose to buy a phone without a headphone jack because of that. It's that simple. Not to mention the low audio quality of Bluetooth. This is,mnm1,0
Was ditching the headphone jack a good idea?,https://news.ycombinator.com/item?id=17997487,"Not for me. (Addressing the general industry trend) The way I see it, taking a feature away needs to be justified with some proportional advantage. The parts themselves are pretty cheap, so the only argument against the port is space. Apple did not use the space for anything useful (same battery , same features , more expensive). I have heard water proofing as an argument, but many manufacturers can do both & the jack is more useful than water proofing to me. As I see it, manufacturers took a aw",screye,0
Was ditching the headphone jack a good idea?,https://news.ycombinator.com/item?id=17997487,"I think so.  3.5mm wasn't always a standard, it used to be 1&#x2F;4"".  3.5mm is a consumer standard, replacing it with Bluetooth makes more sense.  I say this as someone who does Pro Audio stuff, I just don't use bluetooth for that.  I've usually had to hook up a 3.5mm to 1&#x2F;4"" adapter for some headphones anyways.  I have a 48 channel patch bay everything's wired into.  Why would I complain about having to use a dongle to get non-latent audio for pro-purposes on my Phone seems a little absur",chairmanmow,0
Was ditching the headphone jack a good idea?,https://news.ycombinator.com/item?id=17997487,"Absolutely no. The idea of introducing one universal connector standard itself sounds reasonable but it still is a way ahead of time. Nothing should be ""ditched"" before the new standard and its ecosystem matures (do you remember for how long did USB co-exist with COM&LPT and for how long did ISA slots co-exist with PCI? - that was good!). Also one port is not enough, I want to connect my wired headphones and a power bank to my cellphone at the same time without using any additional dongles! And ",qwerty456127,0
Was ditching the headphone jack a good idea?,https://news.ycombinator.com/item?id=17997487,"It’s a big red herring when someone tells you “I have high end headphones and need hp output”, or “I record my guitar into iPhone and need a jack”. - if you are really an audiophile you will have at least a Dragonfly or similar feeding your expensive cans off of USB. You would not use iPhone’s (previous) tiny dac&#x2F;amp. Also note that iPads still have a builtin DAC&#x2F;amp and that they are, in fact, really really good. - Same for music making on iPhone. You will have one of many audio inter",bnastic,0
"Bose Headphones Spy on Users, Lawsuit Says",https://news.ycombinator.com/item?id=14148145,"(Created an account to post this) I downloaded the app on android and listened to a few songs on Spotify to find out what information was being sent. While the app is running, the app sends a HTTP (edit: HTTPS) request every time the track information changes or the volume changes.
When the track information changes it sends the artist, album and song name. When you change the volume it sends the new volume level. Every request includes standard meta-data such as * An _anonymous-id_ * Device ser",tomtalks,0
"Bose Headphones Spy on Users, Lawsuit Says",https://news.ycombinator.com/item?id=14148145,"Reading about spying headphones on website where video with sound starts automatically and continues to play when pressing pause (but jumps to right corner, just like hoaxes for Windows 95 where ""start"" button evaded mouse) — we're living in adtechpunk world.",ungzd,0
"Bose Headphones Spy on Users, Lawsuit Says",https://news.ycombinator.com/item?id=14148145,"Hmm, not pleased, we have two sets of the 35 earphones and I use the app - well, I have to, else I can't change some settings on the earphones. This is totally overstepping the boundaries of what earphones&#x2F;headphones should be doing.
Any company that collects my data and moves it from under my purview to theirs should have to display or expose this data in the exact form that it's collected to the user, so we can see exactly what it is. Not cool.",vr46,0
"Bose Headphones Spy on Users, Lawsuit Says",https://news.ycombinator.com/item?id=14148145,"Ok, this is DEFINITELY NOT cool (+ the fact I own those and I have the app installed). One small note of optimism (but not coming from Bose) is this: <a href=""http:&#x2F;&#x2F;imgur.com&#x2F;a&#x2F;ezLUi"" rel=""nofollow"">http:&#x2F;&#x2F;imgur.com&#x2F;a&#x2F;ezLUi</a> (i.e. the iOS on&#x2F;off setting for Background App Refresh - I have it globally off for the whole device, always). So I don't think once the app is not running that there's an easy&#x2F;Apple approved way for them to keep running",raspasov,0
"Bose Headphones Spy on Users, Lawsuit Says",https://news.ycombinator.com/item?id=14148145,"Leave a review, may help warn&#x2F;notify some 'normal' users about this. - <a href=""https:&#x2F;&#x2F;itunes.apple.com&#x2F;us&#x2F;app&#x2F;bose-connect&#x2F;id1046510029?mt=8"" rel=""nofollow"">https:&#x2F;&#x2F;itunes.apple.com&#x2F;us&#x2F;app&#x2F;bose-connect&#x2F;id1046510029?mt...</a> - <a href=""https:&#x2F;&#x2F;play.google.com&#x2F;store&#x2F;apps&#x2F;details?id=com.bose.monet&hl=en"" rel=""nofollow"">https:&#x2F;&#x2F;play.google.com&#x2F;store&#x2F;apps&#x2F;details?id=com.bose.monet...<",sandstrom,0
"Bose Headphones Spy on Users, Lawsuit Says",https://news.ycombinator.com/item?id=14148145,"As an aside, who's idea was it at Fortune to have an autoplaying video that, when paused, starts playing again the moment you scroll down the page?!?",danbee,0
"Bose Headphones Spy on Users, Lawsuit Says",https://news.ycombinator.com/item?id=14148145,"Is anyone compiling a black-list of companies that implicitly charge users by quietly (or not-so-quietly) collecting their data? This is increasingly becoming the consumer protection issue of our time. A white-list of companies that do NOT do this could also be useful, especially as alternatives to companies on the black-list.",theseatoms,0
"Bose Headphones Spy on Users, Lawsuit Says",https://news.ycombinator.com/item?id=14148145,"> According to the complaint, Bose ... shared it with ... Segment whose website offers to ""collect all or your customer customer data and send it anywhere."" Using Segment as an example of an evil destination for data shows that this reporter is under-qualified to cover this story.  I am not defending Bose here; just pointing out that the reporter doesn't exactly know the domain.",hashkb,0
"Bose Headphones Spy on Users, Lawsuit Says",https://news.ycombinator.com/item?id=14148145,"I would understand it if the app were tracking how often the headphones were connected, when they were actually being used, or possibly even which app is playing audio (e.g. how much are the headphones being used for listening to music vs podcasts vs videogames) -- although this should all be done anonymously. But the idea that the app can detect which music or podcasts I'm listening to, and build a profile from that -- if true, that would be shocking. Can anyone answer, is that even possible vi",crazygringo,0
"Bose Headphones Spy on Users, Lawsuit Says",https://news.ycombinator.com/item?id=14148145,"I live in Europe. Next year I and all other Europeans should be able to make a GDPR request for information to Bose and, at no cost, get a complete copy of all information Bose keeps on me. <a href=""https:&#x2F;&#x2F;ico.org.uk&#x2F;for-organisations&#x2F;data-protection-reform&#x2F;overview-of-the-gdpr&#x2F;individuals-rights&#x2F;the-right-of-access&#x2F;"" rel=""nofollow"">https:&#x2F;&#x2F;ico.org.uk&#x2F;for-organisations&#x2F;data-protection-reform&#x2F;...</a>",draugadrotten,0
"Bose Headphones Spy on Users, Lawsuit Says",https://news.ycombinator.com/item?id=14148145,"Time to make a playlist full of songs with these names and see if you can crash Bose servers: <a href=""https:&#x2F;&#x2F;github.com&#x2F;minimaxir&#x2F;big-list-of-naughty-strings&#x2F;blob&#x2F;master&#x2F;blns.txt"" rel=""nofollow"">https:&#x2F;&#x2F;github.com&#x2F;minimaxir&#x2F;big-list-of-naughty-strings&#x2F;blo...</a>",cwkoss,0
"Bose Headphones Spy on Users, Lawsuit Says",https://news.ycombinator.com/item?id=14148145,"Their example of 'shared it with marketing companies, including a San Francisco firm called Segment whose website offers to ""collect all or your customer customer data and send it anywhere.""' Thats just an analytics provider.. I wonder if this claim is true, based on that example.  Bose could just be collecting app logins, crashes, looking for usability pain-points, etc.  Consulting agencies just throw that crap everywhere because it sounds good to a client.",siphor,0
"Bose Headphones Spy on Users, Lawsuit Says",https://news.ycombinator.com/item?id=14148145,"This is increasingly more common. Companies building in data collection to products and marketing it as a 'feature'. Especially in cars manufacturers, who are openly offering to sell this data. The unsettling part is most customers don't seem to mind.",kirykl,0
"Bose Headphones Spy on Users, Lawsuit Says",https://news.ycombinator.com/item?id=14148145,"wow! I own a couple of these headsets, and while I've never used the app (I don't feel the need to install an app for an headphone device thank you very much), I'm disappointed in Bose. Does anyone know any other headphone manufacturer that's got as good a sound + build quality as Bose?",ohstopitu,0
"Bose Headphones Spy on Users, Lawsuit Says",https://news.ycombinator.com/item?id=14148145,"So what are the chances this never goes anywhere thanks to a clickwrap EULA that's shoved into your face in 3pt font the moment the app starts? ""Well, your honor, he agreed..""",Karunamon,0
"Bose Headphones Spy on Users, Lawsuit Says",https://news.ycombinator.com/item?id=14148145,"What I think would be interesting is: what if a company like this made an app like this, but then clearly stated to users that it'd be collecting data on them and sending it to marketers?  They could even pitch it as helping to keep prices ""low"".  How much would this hurt sales?  Would it even hurt sales at all?  Given the proliferation of ""smart TVs"" and various IoT devices, I'm extremely skeptical that a company would experience any decrease in sales by simply being honest about their collecti",Arizhel,0
"Bose Headphones Spy on Users, Lawsuit Says",https://news.ycombinator.com/item?id=14148145,I have the 35s. How does one get in on signing the class action? Or can you only do this after it has gone to trial and has gone in favor of plaintiff?,rynop,0
"Bose Headphones Spy on Users, Lawsuit Says",https://news.ycombinator.com/item?id=14148145,"Disgusting... I just deleted the app, however I hadn't opened it for a while, anyone know &#x2F; can guess if it had still been sending stuff out (e.g. as a background process of some sort)?",codeisawesome,0
"Bose Headphones Spy on Users, Lawsuit Says",https://news.ycombinator.com/item?id=14148145,"Timely, considering I was just thinking about buying a Q35 tonight. (Oh who am I kidding, I'm probably still going to do it). I'm curious if anyone knows a way to temporarily disable&#x2F;enable apps without having to uninstall them. Android used to have a ""Disable"" button in the App Manager, but my current 6.0.1 phone isn't showing that for any apps. Am I missing something?",burntwater,0
"Bose Headphones Spy on Users, Lawsuit Says",https://news.ycombinator.com/item?id=14148145,"Just checked in the app, and they're very clear that they collect data and share it with 3rd parties.",thisisnotanexit,0
"Bose Headphones Spy on Users, Lawsuit Says",https://news.ycombinator.com/item?id=14148145,"Not surprised - I just assume every company that has my data which explicitly says it does not sell your data does. A side note: One day I noticed the gps icon on my iphone was lighting up one evening even through non of the apps were using it. I opened up the app drawer to see which app was using it and it was Outlook. I immediately deleted the app and then I saw another app without gps permissions access it..
I got goosebumps immediately and powered off my phone. Without a doubt in my mind I b",prisonerOfwar75,0
"Bose Headphones Spy on Users, Lawsuit Says",https://news.ycombinator.com/item?id=14148145,"Avoid Bose headphones because they're overpriced and riding off brand recognition. Avoid """"""""smart"""""""" devices made by hardware manufacturers because hardware manufacturers don't know how to write software. While I sympathize for the people who are affected by this, everyone should really avoid buying such manifestly bad products in the first place. We should really be doing our best to avoid ""smart"" TVs, ""smart"" headphones, and other superfluous and poorly done computerization.",wyager,0
"Bose Headphones Spy on Users, Lawsuit Says",https://news.ycombinator.com/item?id=14148145,"Brand loyalty can be tough. As an outsider to Bose, but a Sennheiser fan, that feeling of finding out you were not getting a fair deal in this case is pretty bad. Bummer.",6stringmerc,0
"Bose Headphones Spy on Users, Lawsuit Says",https://news.ycombinator.com/item?id=14148145,"I haven't downloaded the app, does that mean that I was not ""spied"" on? Is there any indication that Bose could collect data w&#x2F;o use of the app?",40acres,0
"Bose Headphones Spy on Users, Lawsuit Says",https://news.ycombinator.com/item?id=14148145,"I own both the headphones and the speaker mentioned in the article and have the app installed. It's a sad reflection on the state of privacy, but my first reaction to reading the article was getting excited about possible class action $$. Data collection like this is so commonplace nowadays its hard to be surprised. Still disappointed in Bose though.",wbraun,0
"Bose Headphones Spy on Users, Lawsuit Says",https://news.ycombinator.com/item?id=14148145,Lawyerly people - the class action lawsuit defines the class as restricted to customers who bought their headphones in the United States. Are there rules that prevent a US class action from including non-American customers? How hard would it be to commence a similar class action outside the US?,ajdlinux,0
"Bose Headphones Spy on Users, Lawsuit Says",https://news.ycombinator.com/item?id=14148145,"I deleted the app based on this allegation. However, can some explain to me how this differs from other app analytics? Or, is the main issue that they failed to disclose this data collection and failed to offer an ""opt out"" toggle in settings?",intopieces,0
"Bose Headphones Spy on Users, Lawsuit Says",https://news.ycombinator.com/item?id=14148145,"I skimmed the document but I didn't see any proxied traffic, packet traces or other evidence. What am I missing? Is it normal to file a class-action lawsuit like this without a giant pile of forensic evidence?",robterrell,0
"Bose Headphones Spy on Users, Lawsuit Says",https://news.ycombinator.com/item?id=14148145,"For those that missed it, a representative from one of the other companies named in the suit helpfully dropped in to provide additional context on their company's part in this. It even had a super positive ""happy to answer ... questions"" attitude. It was deleted in a few minutes as they realized how poorly that was going to turn out. The reaction wasn't unexpected. Especially since, while they were supposedly not directly purchasing or selling the data, they did help collect the data that Bose a",justabystander,0
"Bose Headphones Spy on Users, Lawsuit Says",https://news.ycombinator.com/item?id=14148145,So is this only if you're using the app it's able to build a profile?  I love these headphones but I believe I only ran the app the first time I used them to pair it,kspy,0
Bose headphones spy on listeners: lawsuit (2017),https://news.ycombinator.com/item?id=20013616,"The outcome : ""The court dismissed Zak’s novel wiretap and eavesdropping claims, writing that the complaint failed to adequately allege that Bose is not a party to communication, as is necessary for violations of these statutes. “ … [T]he relevant inquiry,” the court wrote, “is whether the defendant is a participant in the conversation, as opposed to a nonparticipant that uses other means to gain access to – i.e., intercept – the communication.” Bose wasn’t an intruding third party, so this line",Ice_cream_suit,0
Bose headphones spy on listeners: lawsuit (2017),https://news.ycombinator.com/item?id=20013616,This is exactly why I refuse to use an app for setting up hardware. Bose pushes really hard to get you to use an app for something that really doesn't require an app.,tty2300,0
Bose headphones spy on listeners: lawsuit (2017),https://news.ycombinator.com/item?id=20013616,"If you start the app (Bose Connect, iOS), there's a setting called ""Privacy Policy & Settings"". There's one option there, which disables ""Share data with Bose"". I'm not saying that everyone will find it, but at least it's a solution for people that read Hacker News and wants to keep using the app.",EmilStenstrom,0
Bose headphones spy on listeners: lawsuit (2017),https://news.ycombinator.com/item?id=20013616,Why do people build great companies then do unnecessary things to destroy them just for a few more dollars,tr33house,0
Bose headphones spy on listeners: lawsuit (2017),https://news.ycombinator.com/item?id=20013616,It is worth pointing out that MIT owns Bose. 100%. Omar Bose left it to MIT in his will. He would be rolling in his grave if he saw what MIT was doing with it.,gffg,0
Bose headphones spy on listeners: lawsuit (2017),https://news.ycombinator.com/item?id=20013616,Why should one need an app to control their headphones? Give me hardware interface to control the functions.,loki2005,0
Bose headphones spy on listeners: lawsuit (2017),https://news.ycombinator.com/item?id=20013616,"I've used QuietComfort (25) in past, I've never heard of any app that was available to configure it.",leowoo91,0
Bose headphones spy on listeners: lawsuit (2017),https://news.ycombinator.com/item?id=20013616,I'd be fascinated to see whether a similar degree of monitoring is going on in a post-GDPR context. A data request should return everything as Bose is an EU based firm with some customers within the EU surely?,readparryrepost,0
Bose headphones spy on listeners: lawsuit (2017),https://news.ycombinator.com/item?id=20013616,"I have Bose QC35 and personally I think that app is great because:
1) you can select the level of noise cancellation, and I found that I appreciate more having a low level NC a part from when I am on a flight where I use high NC
2) you can select 2 devices to pair at the same time, having 2 laptops and my iPhone at work is great to be able to switch with an app That said, these two actions do not require to collect users data..so they should stop doing that without users’ consent",cecicasa,0
Bose headphones spy on listeners: lawsuit (2017),https://news.ycombinator.com/item?id=20013616,"The court’s opinion and order:
<a href=""https:&#x2F;&#x2F;f.datasrvr.com&#x2F;fr1&#x2F;319&#x2F;48563&#x2F;Bose_Memo_and_Order.pdf"" rel=""nofollow"">https:&#x2F;&#x2F;f.datasrvr.com&#x2F;fr1&#x2F;319&#x2F;48563&#x2F;Bose_Memo_and_Order.pdf</a>.",JumpCrisscross,0
Bose headphones spy on listeners: lawsuit (2017),https://news.ycombinator.com/item?id=20013616,It looks as if there are quite a few Bose-made apps available for download in in the EU. Feels like a clears GDPR violation without active consent,Angostura,0
Bose headphones spy on listeners: lawsuit (2017),https://news.ycombinator.com/item?id=20013616,New marketing strategy: Bose &#x2F;&#x2F; We Listen to our Customers,neon_me,0
Bose headphones spy on listeners: lawsuit (2017),https://news.ycombinator.com/item?id=20013616,"Will there be similar consequences for Bose, as for Huawei? Like companies stopping dealing with them, Google revoking software licenses? Or if it is an American manufacturer, then it's ok to spy?",codedokode,0
Bose headphones spy on listeners: lawsuit (2017),https://news.ycombinator.com/item?id=20013616,This is from 2017. IIRC it was quite widely reported then as well.,whatgoodisaroad,0
Bose headphones spy on listeners: lawsuit (2017),https://news.ycombinator.com/item?id=20013616,Needs a (2017),cbluth,0
Bose headphones spy on listeners: lawsuit (2017),https://news.ycombinator.com/item?id=20013616,"I agree that this is quite shady, but they require your explicit permission when you enable music sharing.
My QC35s are great btw.",woofwoofwoof,0
Bose headphones spy on listeners: lawsuit (2017),https://news.ycombinator.com/item?id=20013616,"Clearly this man is seeking a fat settlement but this kind of behavior by Bose is indeed sleazy, even if it is mentioned in the small print most people wouldn’t expect that and read it.",tinus_hn,0
Just Wear Headphones,https://news.ycombinator.com/item?id=9757913,"The ""being watched"" feeling is the big one for me. I don't mind wearing headphones because I love listening to music and I don't listen to it that loudly, but the sensation of feeling someone's eyes on you (to catch you on the split second you've refreshed reddit or facebook or something) is incredibly profound on the time it takes to zone into zen mode. Anecdotally funnily enough, the opposite seems to happen for me when I am pair programming: each person keeps the other in focus, but obviously",darylteo,0
Just Wear Headphones,https://news.ycombinator.com/item?id=9757913,"At age 32 my hearing is apparently at the level of a 66 year old. I'm not much of a concert attender nor drug user so the only real explanation the doctor could give for my disappointing audiogram was my habit of regularly working with headphones on (I always took care of moderate volume, mind you). I wasn't expecting this result at all, I actually thought my hearing was perfect but hearing loss starts at the highest frequencies and continues to the lower frequencies exponentially. The route tow",hoggle,0
Just Wear Headphones,https://news.ycombinator.com/item?id=9757913,"The rules of thumb about ""60% of maximum volume for 60 minutes"" and ""if you can't hear your surroundings, it's too loud"" are nonsense. Dangerous volume settings depend on a headphone's sensitivity, the output device power, the headphone's isolation ability, and the recording. These parameters vary. Wildly. A well-fitting isolating IEM can slice off 25dB of noise, more than enough to (mostly) eliminate background conversation noise at any location short of a hip restaurant. These IEMs tend to be ",gcv,0
Just Wear Headphones,https://news.ycombinator.com/item?id=9757913,"I'm not sure that employers that have open plan offices are actually ""clueless"". It apparently works well enough that they don't mind the productively hit. I think it is easier for developers to believe that their employers are clueless than to believe the truth - that they've weighed that costs and decided that disrespecting developers is worth the cost savings. The open plan office sends the message: ""To us, you're not a thinker [we have management for that!], you're just an expensive typist.""",chrisbennet,0
Just Wear Headphones,https://news.ycombinator.com/item?id=9757913,"Is it time to get depressed yet?  This has been a topic for such a long time.  It was in people ware in 1987.  I thought I discovered the topic when Joel (On Sofware) wrote about it in 2000.  While a few people seem to enjoy open offices, the overwhelming majority of developers I know, or who chime in on HN, value a quiet place to work and dislike open offices. And yet, not only has nothing changed, it seems to be getting worse.  It couldn't be more clear to me that developers, at least on this ",geebee,0
Just Wear Headphones,https://news.ycombinator.com/item?id=9757913,I used to use construction 'headphones'.  They do nothing but dampen outside noise - no music.  It's a pretty good solution ... but a solution to a stupid problem because the right solution is more productive working conditions.,AdamN,0
Just Wear Headphones,https://news.ycombinator.com/item?id=9757913,"Another seemingly imperceptible disruption is vibration, ie ""physical noise"". I had the bottom-of-the-totem-pole pleasure of having the (open) office space right by the restroom, kitchen, and coffee machine. The major noises were not the main problem; the problem was the stress of people beelining for either of the three with the felicity of an elephant stampede. Add to this office congestion the pleasure of a female stampede of high heels or male Italian shoes. Which is not to say that a coffee",kmfrk,0
Just Wear Headphones,https://news.ycombinator.com/item?id=9757913,"As several commentors have mentioned, in ear monitor (IEM) type headphones have pretty good sound isolation properties. It's important to note that active noise cancelling (ANC) headphones increase the total sound pressure on your ear drums, while IEMs decrease it, overall. With ANC headphones, you have the environmental sound pressure added to the cancellation signal (which cancels according to perception, not according to physics) added to the pressure of your music. This tends to make them fa",wcunning,0
Just Wear Headphones,https://news.ycombinator.com/item?id=9757913,"Use noise-attenuating headphones rather than noise-cancelling headphones. A pair of properly fitted IEMs or a good pair of closed headphones will reduce background noise by ~25dB simply by providing a physical barrier to noise. The distracting effects of music largely disappear if you listen to repetitive instrumental music - house or ambient music is ideal for this. If you're concerned about noise-related hearing loss, Canford produce a range of high-quality headphones with integrated limiters.",jdietrich,0
Just Wear Headphones,https://news.ycombinator.com/item?id=9757913,"I hope the open office trend dies soon. I've been to some swanky open offices with awesome perks but there are all designed to keep you in the office. I would not trade any of it for my current setup.
I work from my home office and travel to a nearby coworking space to get an occasional dose of water-cooler level of human interaction.",GBond,0
Just Wear Headphones,https://news.ycombinator.com/item?id=9757913,"> Physical Hearing Damage That's the one that does me in. Not because headphones cause ongoing damage, but because my ears have been damaged by several rounds of tympanic perforations and ear infections since I was a wee one. From these I retain  (amongst a number of other issues though thankfully almost no loss of hearing) a serious inability to wear any kind of headphones for more than 10~15mn: past that and it starts to feel like I'm getting needles jabbed through the eardrum and scraping aro",masklinn,0
Just Wear Headphones,https://news.ycombinator.com/item?id=9757913,Interesting question: How many companies who use open offices style floorplans have executives who still have their own offices? Maybe this is just another permutation of the out of touch boss problem. Nothing makes it harder to understand the downfalls of an open office than not working in one yourself.,vtlynch,0
Just Wear Headphones,https://news.ycombinator.com/item?id=9757913,"I'm convinced that the ideal layout for developers is single offices, with doors, big enough for pair programming. Anything else is wasting developer attention and the opportunities for collaboration enabled while being in close proximity.",mcculley,0
Just Wear Headphones,https://news.ycombinator.com/item?id=9757913,"I HATE open offices, but man is this article full of absolute nonsense.  I mean that in a very literal way -- it has lots of stuff that can not be made sense of because it lacks context or any actual meaning. > I stress to my patients and the parents of my patients that if you can’t hear anything going on around you when listening to headphones, the decibel level is too high. This is just stupid.  It ignores type of headphone entirely.  IEMs like the ER-4P (<a href=""https:&#x2F;&#x2F;www.etymoti",MetaCosm,0
Just Wear Headphones,https://news.ycombinator.com/item?id=9757913,"As someone with a life long case of VERY serious, diagnosed, and treated ADHD, one that is exacerbated by noise (I also have an auditory processing disorder); I often feel I have to take myself out of the running for any job in an open plan office. Theoretically the Americans with Disabilities Act would allow me to ask for accommodation for this. Practically speaking, my coaches tell me never to ask for it, as employers don't get it and think you're making excuses. But the fact is, I do have a d",melindajb,0
Just Wear Headphones,https://news.ycombinator.com/item?id=9757913," <pre><code>  ""[Noise Cancelling Headphones] So while it may work to cancel the noise
  of your office air conditioner, it’s powerless against the voices of your co-workers
  (the real noise you’d want to cancel in an office environment).""
</code></pre>
Um, this doesn't match my experience at all. My Bose noise cancelling headphones[1] are really effective at cancelling conversations. Not completely cancelling mind you, but All-But-Cancelling. You are playing music then too which further removes",tezza,0
Just Wear Headphones,https://news.ycombinator.com/item?id=9757913,"Wear earplugs and then put your over the ears headphones over them. The sound of your music should still get through (mostly from around the ear, through your skull). I do that with classical music and it makes the music sounds like it's coming from very far. It's very zen. Like sitting in the void while having music come to you from a distant area.",Raphmedia,0
Just Wear Headphones,https://news.ycombinator.com/item?id=9757913,> Side Note: Noise-Cancelling Headphones What I've seen done by e-sports events such as WCS is to use earphones in combination with mufflers[1] to cut out the live spectator noise - yes the ones they use on a rifle range. I can vouch that such a solution works as my room mate in residence would watch series up until ungodly hours of the morning: wearing no-name rifle range ear mufflers eliminated enough (broad-spectrum) noise to allow me to sleep with no issues whatsoever; I would assume it woul,zamalek,0
Just Wear Headphones,https://news.ycombinator.com/item?id=9757913,"""There are permanent physical consequences from prolonged headphone use. The effects accrue gradually, and as such people don’t notice that it’s happening."" You don't have to actually drown out the ambient noise; you just have to put enough sound that you control into it such that your brain is lulled into ignoring the totality of sound around you. ""People conflate the positive psychological effects of creating a cocoon of their favorite sounds in an environment of noise they can’t control with ",kstenerud,0
Just Wear Headphones,https://news.ycombinator.com/item?id=9757913,"I've found Music for Programming's mixes to be pretty good. <a href=""http:&#x2F;&#x2F;musicforprogramming.net&#x2F;"" rel=""nofollow"">http:&#x2F;&#x2F;musicforprogramming.net&#x2F;</a> Dream Chimney's mixes on soundcloud also. <a href=""https:&#x2F;&#x2F;soundcloud.com&#x2F;the-dream-chimney"" rel=""nofollow"">https:&#x2F;&#x2F;soundcloud.com&#x2F;the-dream-chimney</a> In general, something classical, ambient, or minimal techno fits the bill.",dbcooper,0
Just Wear Headphones,https://news.ycombinator.com/item?id=9757913,"I'm personally more or less a fan of open offices, but the noise really is a problem and unfortunate -- I wish the social convention were to treat an open office like a library, and louder conversations happened in private offices. In the meantime, I find that using ear-plugging headphones alone with some ear-muffs (for like construction work) over the top of the head, without actual music, is reasonably effective at stopping sound.",dilap,0
Just Wear Headphones,https://news.ycombinator.com/item?id=9757913,"Just leaving this here: <a href=""https:&#x2F;&#x2F;www.somewhere.com&#x2F;suttree&#x2F;sparks&#x2F;30629"" rel=""nofollow"">https:&#x2F;&#x2F;www.somewhere.com&#x2F;suttree&#x2F;sparks&#x2F;30629</a> The Isolator device looks amazing, better than headphones.",suttree,0
Just Wear Headphones,https://news.ycombinator.com/item?id=9757913,"this quote is basically it:  Music Is Distracting So, as someone who was taught from a young age that only one medium at one time was allowed, open plan offices are a pain in the tits for me. I used to sit next to a bloke who play wonderful music, but it never stopped. Trying to debug anything complex was impossible. Ultimately the only real way I could get round it was to use these: <a href=""http:&#x2F;&#x2F;www.koss.com&#x2F;en&#x2F;products&#x2F;headphones&#x2F;full_size_headphones&#x2F;QZ99_",KaiserPro,0
Just Wear Headphones,https://news.ycombinator.com/item?id=9757913,"I work in a 4 people office and already feel it's too noisy, too many people walking behind me etc. Maybe other people are smarter than me, but for me it's not a work environment if I should develop software. But my pay is not connected to my performance so I don't have much to complain about.",erikb,0
Just Wear Headphones,https://news.ycombinator.com/item?id=9757913,"Bring back the cubicles. Open offices are done not for collaboration and openness, but done to save money",paulpauper,0
Just Wear Headphones,https://news.ycombinator.com/item?id=9757913,"""Just wear headphones"" is the new ""Just hit delete.""",mfringel,0
Just Wear Headphones,https://news.ycombinator.com/item?id=9757913,"I completely agree, especially about the feeling of vulnerability. It's apparently something that not everyone experiences, but there's no way I'm going to wear something that removes my ability to hear someone walking up behind me.",kylec,0
Just Wear Headphones,https://news.ycombinator.com/item?id=9757913,"I've carefully tuned my use of headphones and music to my preferences and to minimize distractions. Here's my list: <pre><code>    1. Earbuds that block sound, or over-the-ear headphones that block sound
    2. Nothing with lyrics. Voices are distracting. I'm really just here for the
       noise that's not other humans having a conversation.
    3. Use a streaming service that tailors the music to my preferences. 
       Pandora was my favorite, but I'm currently on Spotify. I don't have to 
  ",delinka,0
Just Wear Headphones,https://news.ycombinator.com/item?id=9757913,"Hearing ""just wear headphones"" would mean I'd resign the same day.",kyberias,0
Just Wear Headphones,https://news.ycombinator.com/item?id=9757913,"> Music is Distracting Sometimes, the right kind of distraction is good. Even if having no distractions gives me the opportunity to have acute concentration on the subject, in practice, having the right kinds of distractions really do help me reach peak productivity. If I don't have music or background noise of some kind, my mind wanders and I never really reach that ""acute concentration"" point anyways. But I work best with the right kind of music -- or even a TV show that's just interesting eno",mcdougle,0
Fairbuds XL review: noise-cancelling headphones you can fix,https://news.ycombinator.com/item?id=35900369,"The ""sustainable"" and ""environment friendly"" choice for headphones are wired headphones that are built like a brick. A good pair will last basically forever. Of course that isn't the market these headphones are in, but that's also the problem. New bluetooth standard? New advances in noise-cancellation? You won't get them. Even if these headphones are great (which I doubt) they're still destined for the garbage heap. Wireless headphones last a couple of years, where wired headphones last decades.",gizmo,0
Fairbuds XL review: noise-cancelling headphones you can fix,https://news.ycombinator.com/item?id=35900369,"A lot of wired headphones are built well, sound phenomenal, and have easily serviceable parts. Eg Sennheiser HD650&#x2F;HD6XX, HD660, HD58X. The 650s are nearly 20 years old and can blow all your modern bluetooth headphones out of the water for sound quality. So what I do is just buy a bluetooth receiver (eg fiiO BRT3k, BRT5, etc) and clip them onto the side of my headphones. Voila! Bluetooth headphones that sound great and don't need to be thrown away in 5 years.",tastysandwich,0
Fairbuds XL review: noise-cancelling headphones you can fix,https://news.ycombinator.com/item?id=35900369,I certainly appreciate this idea. My WH-1000XM4s developed an issue where the NC has a feedback loop that sends a deafening shriek as soon as you place them on your ears and it lasts until you turn off the NC. I have to go through this (quite embarrassing in public) ordeal every time I turn them on. I'd just upgrade if they weren't so absurdly expensive in the first place.,v3x3366,0
Fairbuds XL review: noise-cancelling headphones you can fix,https://news.ycombinator.com/item?id=35900369,"There's a brand in Brazil, called Kuba[1], selling a self-repairable, upgradable headphones called Disco for a while now. Originally wired, they're releasing a Bluetooth version and old models are upgradable to the new wireless protocol (owners just need to buy the new Bluetooth arc). [1] <a href=""https:&#x2F;&#x2F;kuba.audio&#x2F;"" rel=""nofollow"">https:&#x2F;&#x2F;kuba.audio&#x2F;</a>",rpgbr,0
Fairbuds XL review: noise-cancelling headphones you can fix,https://news.ycombinator.com/item?id=35900369,"I like the idea, but they look a little big to be called ""buds"".",RobotToaster,0
Fairbuds XL review: noise-cancelling headphones you can fix,https://news.ycombinator.com/item?id=35900369,Awesome! My current noise-cancelling headphones have lost their noise-cancelling ability and bluetooth connectivity due to the battery dying. Can only listen to music over a cable now. Would have loved to be able to replace the battery in my headphones and imho this should be the standard for all headphones&#x2F;electronic devices,goofymiron,0
Fairbuds XL review: noise-cancelling headphones you can fix,https://news.ycombinator.com/item?id=35900369,No frequency response testing? Mic response testing? Head pressure measurement? Kinda hard to take this seriously as a review when they don't even show anything about performance of the product.,Saris,0
Fairbuds XL review: noise-cancelling headphones you can fix,https://news.ycombinator.com/item?id=35900369,"I have to ask, as I have never bought active headphones, all my headphones are user servicable already. I've even had to repair the soldering joints on my M40x once. The cables are all removable. The pads are easily replacable. Are active headphones really that much harder to service? There's no space constraints to warrant glue, clips and ultrasonic welding instead of screws.",Arch-TK,0
Fairbuds XL review: noise-cancelling headphones you can fix,https://news.ycombinator.com/item?id=35900369,"I love this concept!  When I got tired of replacing headphones in the past I got some beyerdynamic dt770 modded by jfunk.org.  They are repairable and durable.  Though they are not natively bluetooth, can use a short cable + qudelix 5k to make them wireless.  No noise cancelling. Would be very nice to have durable &#x2F; repairable noise cancelling headphones.  These headphones from fairbuds look great overall, but I'm skeptical of the durability of the hinges.",mgsloan2,0
Fairbuds XL review: noise-cancelling headphones you can fix,https://news.ycombinator.com/item?id=35900369,"One of the problems with headphones is that the cups tend to deteriorate over time - maybe sweat or the oil from the skin or something reacts with it and it starts to peel. After a few years, the cups are no longer available for that model and so you end up having to buy a new one.",fareesh,0
Fairbuds XL review: noise-cancelling headphones you can fix,https://news.ycombinator.com/item?id=35900369,These look really interesting. I'm curious if there are plans to sell these to American customers.  Right now (IIUC) their website only ships to  EU countries.,CoastalCoder,0
Fairbuds XL review: noise-cancelling headphones you can fix,https://news.ycombinator.com/item?id=35900369,"Does anyone know a test where they actually measured how well the noise cancelling does, compared to Sony and Bose flagships?",badpun,0
Fairbuds XL review: noise-cancelling headphones you can fix,https://news.ycombinator.com/item?id=35900369,"You've been able to fix Beyerdynamic DT770s forever, which is one reason why they're so popular with studios.",vegabook,0
Fairbuds XL review: noise-cancelling headphones you can fix,https://news.ycombinator.com/item?id=35900369,"Anyone know if these are prone to creaking? I've had to give up on otherwise great headphones because they developed a loud plastic-friction creak which I had no luck repairing. My Sennheiser HD4.50 so far seems immune to that, though has some drawbacks.",pulvinar,0
Fairbuds XL review: noise-cancelling headphones you can fix,https://news.ycombinator.com/item?id=35900369,"I used to swear by V-Moda for portable headphones. They were highly repairable (you could replace the pads, band, cables, and even the driver if you really wanted). That was, until their Bluetooth enabled line. It had no parts available, and even at that was non trivial to fix with 3rd party parts. These days, I love my beyerdynamic headphones. I've replaced the drivers, cables, pads, etc over their 10 year life. Only recently have I retired my first pair because of an upgrade. That being said, ",sargun,0
Fairbuds XL review: noise-cancelling headphones you can fix,https://news.ycombinator.com/item?id=35900369,"I’ve got a set of 6 year old $60 taotronics headphones that I just replaced the earpads on. Took 5 minutes and they use generic earpads available from AE or Amazon. The battery is soldered in, but is a generic lipo foil pouch accesible behind a screwed together earcup so I won’t need to find a specific form factor or break any glued together stuff to get at it. I don’t see this product as more “repairable” than other products. I do see that it has a lot of modules that are designed to be thrown ",dghlsakjg,0
Fairbuds XL review: noise-cancelling headphones you can fix,https://news.ycombinator.com/item?id=35900369,"I see the point of the ""fair"" and ""repairable"" advertising for smartphones that usually have far more proprietary and limited-production parts, but headphones aren't exactly in the same situation. Almost all parts of them are already widely available, so much that you can easily make your own: <a href=""https:&#x2F;&#x2F;news.ycombinator.com&#x2F;item?id=32375128"" rel=""nofollow"">https:&#x2F;&#x2F;news.ycombinator.com&#x2F;item?id=32375128</a>",userbinator,0
Fairbuds XL review: noise-cancelling headphones you can fix,https://news.ycombinator.com/item?id=35900369,I like the little wired earbuds from Walmart that cost $5-10. If they wear out then you just replace them. The part that usually breaks for me on headphones is the connection from the cable to the actual speakers. So testing the wires one way or another fixes it temporarily which leads me to always contemplate trying to repair them but I don't know exactly where the connection problem is.,ilaksh,0
Fairbuds XL review: noise-cancelling headphones you can fix,https://news.ycombinator.com/item?id=35900369,"I like the concept of repairability, but these headphones are honestly quite boring. “Fair” cannot be the only selling point. Offer something interesting and compelling.",danielfoster,0
Fairbuds XL review: noise-cancelling headphones you can fix,https://news.ycombinator.com/item?id=35900369,I have been fixing my Bose QC 45 for many years too,handwarmers,0
Fairbuds XL review: noise-cancelling headphones you can fix,https://news.ycombinator.com/item?id=35900369,> €249 It would be interesting to know if t would be viable to make these for the lower end market…. Or would consumers just replace them anyway?,duxup,0
Fairbuds XL review: noise-cancelling headphones you can fix,https://news.ycombinator.com/item?id=35900369,They look cool and I would love to be able to buy one but the sustainability tax seems too high to be a successful product to me.,artogahr,0
Fairbuds XL review: noise-cancelling headphones you can fix,https://news.ycombinator.com/item?id=35900369,What are the best noise cancelling headphones to work in cafes? Im using Bose Quiet Comfort II and I always wish they would cancel better.,JonathanBeuys,0
Fairbuds XL review: noise-cancelling headphones you can fix,https://news.ycombinator.com/item?id=35900369,I hope they do a true wireless earbuds set. Those tend to need repairing much more frequently.,MivLives,0
Fairbuds XL review: noise-cancelling headphones you can fix,https://news.ycombinator.com/item?id=35900369,I really wish these were available in Canada.,xena,0
Fairbuds XL review: noise-cancelling headphones you can fix,https://news.ycombinator.com/item?id=35900369,Not buds; disappointed.,nixpulvis,0
Fairbuds XL review: noise-cancelling headphones you can fix,https://news.ycombinator.com/item?id=35900369,">Weight: 330g That is like Apple AirPods, those are very heavy and  extended wear gets you tired. And most over-ear headphones are already pretty fixable. Most brands provide spare parts for like 20 years.",Throw73849,0
Fairbuds XL review: noise-cancelling headphones you can fix,https://news.ycombinator.com/item?id=35900369,I stopped reading at “Vegan Leather”. Can we call it what it is? Plastic.,GiorgioG,0
"Surface Go 2, Surface Book 3, Surface Headphones 2 and Surface Earbuds",https://news.ycombinator.com/item?id=23090601,"Caveat emptores: With a couple exceptions, Surface devices cannot be repaired, nor have the battery replaced. Not even by Microsoft. iFixit's repair scores on all the devices, except the Pro X, range from 0&#x2F;10 to 1&#x2F;10. If you have a problem that would require repair, you need to instead get it replaced with a refurbished machine. This means you have to back up your machine and set it all up again on a new one. If you're out of warranty, you also need to pay hundreds of dollars for this",hypersoar,0
"Surface Go 2, Surface Book 3, Surface Headphones 2 and Surface Earbuds",https://news.ycombinator.com/item?id=23090601,"I have a Surface Pro 7, their oversized tablet, after ditching my ipad pro out of frustration. I wanted something that had a nice pen but still had a real filesystem and I could easily load comics and movies on, use ssh, and was full featured enough that I wasn't required to lug a laptop with me. And the surface pro is.. fine. Hardware wise it's great even, but my issue is overwhelmingly that Microsoft's default software makes a sad tablet experience. Their screen keyboards are garbage, the stor",vorpalhex,0
"Surface Go 2, Surface Book 3, Surface Headphones 2 and Surface Earbuds",https://news.ycombinator.com/item?id=23090601,"There's a picture of the new Microsoft Ergonomic Desktop on The Verge. So sad that the keyboard is wired and not TKL :( Somewhat normal function keys though compared to the Sculpt. Mouse is also wired. <a href=""https:&#x2F;&#x2F;www.theverge.com&#x2F;2020&#x2F;5&#x2F;6&#x2F;21247234&#x2F;microsoft-surface-dock-2-usb-c-hub-keyboard-mouse-price"" rel=""nofollow"">https:&#x2F;&#x2F;www.theverge.com&#x2F;2020&#x2F;5&#x2F;6&#x2F;21247234&#x2F;microsoft-surface...</a> <a href=""https:&#x2F;&#x2F;cdn.vox-c",rayshan,0
"Surface Go 2, Surface Book 3, Surface Headphones 2 and Surface Earbuds",https://news.ycombinator.com/item?id=23090601,"I was looking at the Surface Book 3 specs and it hit me that the value proposition for discrete graphics has changed significantly if you want to game on your laptop. Since Stadia, Geforce Now and other cloud gaming services have launched, I suddenly have no interest in paying hundreds extra for a gaming capable laptop, just to make a compromise on weight, battery life or GPU power. I've been gaming on the cloud services for the past few months, and as long as you're within a few hundred miles o",dougmwne,0
"Surface Go 2, Surface Book 3, Surface Headphones 2 and Surface Earbuds",https://news.ycombinator.com/item?id=23090601,"I have a Surface Book 2 15” with the max specs and it is not worth the price to me. Compared to the new MacBooks I much prefer the Surface Book’s ergonomics and keyboard, but the performance is just too unreliable, it frequently thermal throttles and also randomly slows down to a snails pace. Plus now the back has been getting unusually warm even when idling on both my Windows 10 and Linux dual boot, it never used to do that. I’ve only had it for 13 months and it’s already showing its age. I don",madjam002,0
"Surface Go 2, Surface Book 3, Surface Headphones 2 and Surface Earbuds",https://news.ycombinator.com/item?id=23090601,"Is it weird I'm absolutely excited over the new desktop bundle for the erognomic keyboard and mouse? I have absolutely come to love the Microsoft erognomic keyboard and mouse set, so I look forward to snapping it up so that I can replace my much much older version of those products. When it comes to those two accessories, for me at least, I think they're such a great value for such a low price!",no_wizard,0
"Surface Go 2, Surface Book 3, Surface Headphones 2 and Surface Earbuds",https://news.ycombinator.com/item?id=23090601,"Interested to try the new Surface Go - we brought one of the original ones as a test device and was quite disappointed. The performance, especially for web browsing, is far behind that of cheaper Chromebooks, even though it had more powerful hardware.",jordanthoms,0
"Surface Go 2, Surface Book 3, Surface Headphones 2 and Surface Earbuds",https://news.ycombinator.com/item?id=23090601,Microsoft appears to be pricing their hardware in line with Apple now? $1599 starting price for the Book? I get the quality and the features are up there but the price is unappealing. the surface Go even starts at a reasonable $399 but then to add a dock is $250? The dock is is 62.5% the cost of the computer? That seems rather steep,lvspiff,0
"Surface Go 2, Surface Book 3, Surface Headphones 2 and Surface Earbuds",https://news.ycombinator.com/item?id=23090601,"> Our active noise cancellation is adjustable through intuitive on-ear dials and specifically tuned to [..] block out [..] human voices. If only someone confirmed this working, I'll be buying them in an instant.",odiroot,0
"Surface Go 2, Surface Book 3, Surface Headphones 2 and Surface Earbuds",https://news.ycombinator.com/item?id=23090601,"From the Surface Book 3 launch video: ""Rendered on Surface Book 3"". That's how you sell a Pro machine.",whywhywhywhy,0
"Surface Go 2, Surface Book 3, Surface Headphones 2 and Surface Earbuds",https://news.ycombinator.com/item?id=23090601,"If they are still refusing to put Thunderbolt 3 ports in, they could have put the far better Ryzen Chips in...",Roritharr,0
"Surface Go 2, Surface Book 3, Surface Headphones 2 and Surface Earbuds",https://news.ycombinator.com/item?id=23090601,"It’s disappointing that the SB3 seems to have the same screen and trackpad as the SB2. The screen has so much glare compared to the MBP and XPS, it makes dark mode unusable in most lighting situations. The trackpad is small and mediocre, it can’t reliably pick up two-finger right clicks. It’s a shame because I think the hardware is otherwise great.",ripley12,0
"Surface Go 2, Surface Book 3, Surface Headphones 2 and Surface Earbuds",https://news.ycombinator.com/item?id=23090601,As a former Surface Book 2 user I really hope this update includes good antireflective coating or even a laminated display. The Surface devices are great but the display while beautiful on its own is just too damn reflective. Ultimately abandoned the device because of the reflectivity.,halotrope,0
"Surface Go 2, Surface Book 3, Surface Headphones 2 and Surface Earbuds",https://news.ycombinator.com/item?id=23090601,"I got a Magic Keyboard for my iPad Pro 2018 and sent it back, now I'm thinking about selling the iPad to buy a Surface Go 2: kickstand included, WSL 2 when needed, keyboard with a function row. My only worry is that the experience in tablet mode is gonna be subpar.",ArmandGrillet,0
"Surface Go 2, Surface Book 3, Surface Headphones 2 and Surface Earbuds",https://news.ycombinator.com/item?id=23090601,"I got to play with the 50"" Surface Hub and it blew my mind. Even if a bit laggy and not altogether precise with gestures. 4K video, pressure sensitive drawing, handwriting recognition and indexing. Going back to a 15"" screen felt strange afterwards. Very ""Minority Report"". I believe there is a large format 85"" Surface due shortly ;)",ArtWomb,0
"Surface Go 2, Surface Book 3, Surface Headphones 2 and Surface Earbuds",https://news.ycombinator.com/item?id=23090601,They featured WSL in the Surface Book video! And terminal is in the dock!,tdhttt,0
"Surface Go 2, Surface Book 3, Surface Headphones 2 and Surface Earbuds",https://news.ycombinator.com/item?id=23090601,"Those earbuds look like they'd fit worse than Apple's. I wonder if I have funny shaped ears, but nothing fits right. Those Pixel Buds look like things that would fit with the way they have those hooks or whatever they're called. It must be really hard to design these things to fit a wide range of ears.",blakesterz,0
"Surface Go 2, Surface Book 3, Surface Headphones 2 and Surface Earbuds",https://news.ycombinator.com/item?id=23090601,">> Our active noise cancellation is adjustable through intuitive on-ear dials My only real complaint about my Sony noise-cancelling headphones are the stupid touch controls, why would Microsoft copy those?",bluedino,0
"Surface Go 2, Surface Book 3, Surface Headphones 2 and Surface Earbuds",https://news.ycombinator.com/item?id=23090601,"I was really hoping that Microsoft would tweak the design of Surface Book 3 and change the hinge, this spec bump is a little underwhelming after all this wait",harrygeez,0
"Surface Go 2, Surface Book 3, Surface Headphones 2 and Surface Earbuds",https://news.ycombinator.com/item?id=23090601,"The Surface Book 3 may give the XPS 7390 a run for the money for the high end enterprise users. My initial concerns will be heat, weight and build quality. XPS metal body feels great and is durable. I wonder how this will compare.",deathhand,0
"Surface Go 2, Surface Book 3, Surface Headphones 2 and Surface Earbuds",https://news.ycombinator.com/item?id=23090601,"Isn't it better to go with a 7nm AMD Ryzen 4000 based laptop nowdays? For example a Ryzen 5 4500U is also Quad-core with 8 hyperthreads, but has a 2.3GHz base clock.",xiphias2,0
"Surface Go 2, Surface Book 3, Surface Headphones 2 and Surface Earbuds",https://news.ycombinator.com/item?id=23090601,"I wish we had device convergence without fancy tricks like Android&#x2F;Windows link or iOS&#x2F;Mac Handoff. I'd love to be working on a document on my phone, put it in laptop mode to write in a more desktop-like environment for multitasking or putting PDFs side by side, and then docking at home for a full desktop experience. So far, it seems like Samsung DeX (is the X capitalized?) is the closest for me, but with them killing Linux on DeX, it seems like it won't come to pass. Or maybe I just n",epmaybe,0
"Surface Go 2, Surface Book 3, Surface Headphones 2 and Surface Earbuds",https://news.ycombinator.com/item?id=23090601,"""People tell us that putting on headphones is today’s equivalent of shutting the office door to focus and connect in any setting"" 1. What's an office
2. What's an office door",awinder,0
"Surface Go 2, Surface Book 3, Surface Headphones 2 and Surface Earbuds",https://news.ycombinator.com/item?id=23090601,"Microsoft has been trying to make pen input ""a thing"" since at least 2000 when they started selling ""tablet PCs"", and as a result their pen input has become really excellent over the years. The segmentation of the Surface brand is confusing as hell and I'm still not sure which is which despite being invested in it.",juped,0
"Surface Go 2, Surface Book 3, Surface Headphones 2 and Surface Earbuds",https://news.ycombinator.com/item?id=23090601,"I am really disappointed that the Surface Books do not have a stronger GPU. After waiting two years for an update, I was hoping to see strong GPUs that would make this a swiss army knife laptop - something that is portable, has great battery life, but can also be used for gaming or machine learning work. Unfortunately it appears that Microsoft will not sell the Quadro version of this laptop to individuals and only make it available through their commercial channels (<a href=""https:&#x2F;&#x2F;ww",throwawaysea,0
"Surface Go 2, Surface Book 3, Surface Headphones 2 and Surface Earbuds",https://news.ycombinator.com/item?id=23090601,Those Earbuds look like a piercing plug &#x2F; flesh tunnel. Hard to imagine they will sell well.,Eduard,0
"Surface Go 2, Surface Book 3, Surface Headphones 2 and Surface Earbuds",https://news.ycombinator.com/item?id=23090601,"The perfect device for me : the Surface Pro X's hybrid tablet format, with no chip inside, as your smpartphone is the chip, that lets you use Android (for everyday tasks and some pro tasks) or a full GNU&#x2F;Linux. A poor version of this, but already worth using : Samsung Dex with a portable monitor, with UserLand or Andronix. Portable monitors are way behind the Surface Pro X (e.g. for pencil management), Samsung doesn't invest enough money on Dex and UserLand &#x2F; Andronix lack some feature",maelito,0
"Surface Go 2, Surface Book 3, Surface Headphones 2 and Surface Earbuds",https://news.ycombinator.com/item?id=23090601,"Would the Go 2 run Linux OK? I had a Surface Pro 3 for a while and though I got Linux running on it, I never managed all the tablety stuff working properly. Rotation, Pen + Touch input (at the same time without randomly cutting out!!), auto keyboard popup on input fields with no keyboard connecting, the keyboard actually working after being removed and reconnected, etc etc... It was a great machine but Linux lacked support for this type of support in many ways. I wonder if this has improved as t",GekkePrutser,0
"Surface Go 2, Surface Book 3, Surface Headphones 2 and Surface Earbuds",https://news.ycombinator.com/item?id=23090601,"Still no TB3 -- <a href=""https:&#x2F;&#x2F;twitter.com&#x2F;h0x0d&#x2F;status&#x2F;1253917701719769088"" rel=""nofollow"">https:&#x2F;&#x2F;twitter.com&#x2F;h0x0d&#x2F;status&#x2F;1253917701719769088</a> -- but I am surprised Microsoft is admitted defeat and is unable to come up with secure a secure DMA implementation. There have to be enough kernel and firmware developers there to do it, right? Or has that org wasted away...",nimish,0
"Surface Go 2, Surface Book 3, Surface Headphones 2 and Surface Earbuds",https://news.ycombinator.com/item?id=23090601,The base Surface Go 2 seems like an attractive option for those looking to do a bit of real computing alongside iPad-esque media consumption.,avnfish,0
What's Hiding Inside Haribo's Power Bank and Headphones?,https://news.ycombinator.com/item?id=46071317,"It smelled fishy right from the start. It is obvious that energy to weight ratio is one of the most important characteristic of power banks. Reputable manufacturers will optimize for this, and if they are particularly good at it, they can ask for a premium. If a generic powerbank beats the big names, sells for cheaper and is associated with a brand that has no reason to be associated with powerbanks, then it is very likely that the weight savings come from omitting something important rather tha",GuB-42,0
What's Hiding Inside Haribo's Power Bank and Headphones?,https://news.ycombinator.com/item?id=46071317,"I stick to Anker for cables, batteries and chargers. I'm sure they've had their own issues but everything I've bought feels well made. The only one I've had an issue with was a USB-C to everything else adaptor which weirdly stopped working after a week or two. I was surprised to find that their support was based in the UK (Cardiff if memory serves) and very efficiently processed a return and replacement. I've watched Big Clive's videos for too long to trust no-name Chinese things with anything i",VBprogrammer,0
What's Hiding Inside Haribo's Power Bank and Headphones?,https://news.ycombinator.com/item?id=46071317,The more interesting thing is that they were actually pulled. Did the manufacturer send a recall notice? (And if so why didn't they send a statement). I can't imagine Amazon themselves taking any action since they allow other junk to stay up,krackers,0
What's Hiding Inside Haribo's Power Bank and Headphones?,https://news.ycombinator.com/item?id=46071317,"Why these batteries got all the attention - <a href=""https:&#x2F;&#x2F;news.ycombinator.com&#x2F;item?id=45322135"">https:&#x2F;&#x2F;news.ycombinator.com&#x2F;item?id=45322135</a>",curiousObject,0
What's Hiding Inside Haribo's Power Bank and Headphones?,https://news.ycombinator.com/item?id=46071317,"FWIW, the Haribo charger seems to be rather well made: <a href=""https:&#x2F;&#x2F;www.youtube.com&#x2F;watch?v=xT_t5nvFcoY"" rel=""nofollow"">https:&#x2F;&#x2F;www.youtube.com&#x2F;watch?v=xT_t5nvFcoY</a> (26:50, by ZeroBrain, a German YouTuber that disassembles electronic devices)",raphman,0
What's Hiding Inside Haribo's Power Bank and Headphones?,https://news.ycombinator.com/item?id=46071317,"Well.. it was probably too good to be true.  I'm a hiker - and was in on that first wave of purchasers.  For $24, the 2000mAh battery was pretty light for what it is - 10.16oz. (more capacity for what I usually need) In comparison, I think my nitecore NB10000 is around 5.98oz for around $50, which is one of the better ones out there.  On the cheaper side, the INIU 1000mAh is around 5.96oz for about $26 which does OK.  I see amazon already pulled the page to order the haribo battery pack. I also ",heelix,0
What's Hiding Inside Haribo's Power Bank and Headphones?,https://news.ycombinator.com/item?id=46071317,"I'd be interested to know if a headphone battery can suffer thermal runaway. If the surface area to volume ratio is high enough, however badly it is made doesn't matter - it's not gonna catch fire anyway. If that's the case, there is no safety issue with the headphones - a 0.5mm safety margin either end of a battery which is only 6mm long is insane anyway - and I don't fault the engineers for looking for other ways to get equivalent safety without compromising in capacity.",londons_explore,0
What's Hiding Inside Haribo's Power Bank and Headphones?,https://news.ycombinator.com/item?id=46071317,Batteries that undercut the market price have serious flaws... who would have thought!,giantg2,0
What's Hiding Inside Haribo's Power Bank and Headphones?,https://news.ycombinator.com/item?id=46071317,"FWIW, I have one of the Haribo products, the 65W 3-port GaN charger. No battery to fail. I’ve run the charger standard enumeration test with a ct-3 and it supports everything except for VOOC. I’ve also load tested it with an adjustable usb load tester and it matches all the specs as advertised. It seems like they probably use the same controller as the Anker 3 port charger, but would need to see the teardowns. Otherwise, I’ll continue to recommend it.",joecool1029,0
What's Hiding Inside Haribo's Power Bank and Headphones?,https://news.ycombinator.com/item?id=46071317,I love the summary at the top. Cool thing to have.,Y444,0
What's Hiding Inside Haribo's Power Bank and Headphones?,https://news.ycombinator.com/item?id=46071317,"How or why does a candy company decide to electronics? That's the mystery I need an answer to. What's next, Durex pizzas?",arp242,0
What's Hiding Inside Haribo's Power Bank and Headphones?,https://news.ycombinator.com/item?id=46071317,I'm curious how the cost of performing these CT scans compared to the profit reaped by Haribo while the batteries were selling.,frumiousirc,0
What's Hiding Inside Haribo's Power Bank and Headphones?,https://news.ycombinator.com/item?id=46071317,"I’ve seen airline training videos about in flight battery fires. But I’ve never considered the risk of ear buds catching on fire. Normally, you should feel them heating up before they catch but they might just blow, that would be very sore. Also if you’re sleeping with buds in you could end up with a fire before you woke up.",asimpleusecase,0
What's Hiding Inside Haribo's Power Bank and Headphones?,https://news.ycombinator.com/item?id=46071317,"The thought of a runaway thermal reaction in a cell that’s sitting in your ear, albeit a small one, is pretty sobering.",urbandw311er,0
What's Hiding Inside Haribo's Power Bank and Headphones?,https://news.ycombinator.com/item?id=46071317,"I would avoid anything exceed 100 watt-hours (which this does) as you can't fly with it. I do a lot of backocuntry bike trips so flying isn't the primary concern, but I'm not going to own multiples. Anker and other reputable brands tend to design around these type of use-cases which helps.",skeeter2020,0
What's Hiding Inside Haribo's Power Bank and Headphones?,https://news.ycombinator.com/item?id=46071317,Pouch cells is interesting - I would've expected cylindrical cells in all but the smallest of battery banks. The lack of heavy steel casings might explain the high gravimetric density which was attractive to hikers.,daemonologist,0
What's Hiding Inside Haribo's Power Bank and Headphones?,https://news.ycombinator.com/item?id=46071317,"This is a shame, really. I got a few of these power packs and they have a nice design. I'd be happy to pay 2-3x as much and not have my house at risk of burning down.",D13Fd,0
What's Hiding Inside Haribo's Power Bank and Headphones?,https://news.ycombinator.com/item?id=46071317,"not sure what is more interesting, the detailed information on lithium battery construction, or how they got a CT(cat) scanner, or the idea of having an industrial 
cat scanner around.
 those batteries were bizarely cheap and there was prior suggestion that these(others) were
actualy fake with empty space or filler, which isn't the case, and all in all they just need to up the precision of there automated processes.
nice piece of journalism.",metalman,0
What's Hiding Inside Haribo's Power Bank and Headphones?,https://news.ycombinator.com/item?id=46071317,Gummy bears?,mberger,0
What's Hiding Inside Haribo's Power Bank and Headphones?,https://news.ycombinator.com/item?id=46071317,"This reminds me of when pvs-studio would post every single analysis they would make of popular C++ projects. It was a fun novelty back in the day. Just like these scans, which now are boring and overplayed.",baiwl,0
What's Hiding Inside Haribo's Power Bank and Headphones?,https://news.ycombinator.com/item?id=46071317,"Has anyone reported issues with this battery, from what I've seen online everyone has been happy with its performance. Maybe the uneveness called out by the article is not enough to matter. Not following the industry standard is not necessarily the tipping point of everything going wrong.",charcircuit,0
Headphones and Earphones Benchmarking Test Files,https://news.ycombinator.com/item?id=7685327,The binaural recordings are more than a little spooky. Even knowing before hand that they were going to play the sound of someone knocking on doors I had to fight the temptation to turn and look at sho was knocking on the desk next to me.,fr0sty,0
Headphones and Earphones Benchmarking Test Files,https://news.ycombinator.com/item?id=7685327,"This reminded me of this (somewhat related) article about the science behind audio quality, signals and all the myths surrounding it. Very recommended. <a href=""http://people.xiph.org/~xiphmont/demo/neil-young.html"" rel=""nofollow"">http:&#x2F;&#x2F;people.xiph.org&#x2F;~xiphmont&#x2F;demo&#x2F;neil-young.html</a>",gabzuka,0
Headphones and Earphones Benchmarking Test Files,https://news.ycombinator.com/item?id=7685327,"Still checking out the post but to anyone looking at getting a nice set of headphones, the Sennheiser 600s (mentioned in the post) can be picked up (especially used or open box) much cheaper than $500. I'd actually recommend going ahead and looking at the 650s which run $350 and under on eBay or directly from Senn during a sale. Gotta be able to have open backed headphones though, they leak a lot.",atwebb,0
Headphones and Earphones Benchmarking Test Files,https://news.ycombinator.com/item?id=7685327,"In the heyday of car audio, there were test CDs that had similar material - tracks to compare left&#x2F;right, phasing, soundstage, frequency response, and so on.  They're still available from Crutchfield - look for ""AutoSound 2000"". While geared for car audio (tight control over listener position, questionable speaker placement and acoustics), they're also good for home systems, and somewhat good for headphone&#x2F;earphone selection.  You want disc 2 for basic setup, and disc 1 if you plan on ",chiph,0
Headphones and Earphones Benchmarking Test Files,https://news.ycombinator.com/item?id=7685327,"But these are mp3s, they're 44,1 kHz VBRs. How is this supposed to be accurate?
Shouldn't these files be PCM .wav or at least .FLAC?",rtk7,0
Headphones and Earphones Benchmarking Test Files,https://news.ycombinator.com/item?id=7685327,The door knocking sound is absolutely phenomenal in a sense that my brain has never been tricked like this by such a simple sound  into thinking that it wasn't from my headphones but from the surrounding area.,petarb,0
Headphones and Earphones Benchmarking Test Files,https://news.ycombinator.com/item?id=7685327,"Great idea, but it's not just evaluating your headphones, but also your DAC, amplifier (both of which are typically crap in most computers), and your own hearing limits. [EDIT]: Headphone tone and response also changes over time - what sounds ideal at 0 hours will sound very different after 100 hours of break-in and use. Would help if there was a note about this on the site, and recommendations for basic steps you can take to correct for these. I'm spoiled - headphone.com is based out of my home",falcolas,0
Headphones and Earphones Benchmarking Test Files,https://news.ycombinator.com/item?id=7685327,"I almost got a heart attack listening to the 'Binaural Test', I have a v-moda crossfade m-100 and it's so incredibly realistic. It's even freaky when I know that it's just an audio file playing.",jgeerts,0
Headphones and Earphones Benchmarking Test Files,https://news.ycombinator.com/item?id=7685327,"A real sleeper in headphone market is the $33 Philips SHL9705A-28.  They are as comfortable as anything on-ear that I have listened to and better sounding than most of the high-end devices.  They put the ATH-M50 to shame.  The AKG-K702, not so much.  I like their sound better than either the Senn HD598 or HD650 to which they are very similar.  I listen to and objectively measure and test 'phones for a living. Aw shucks.  I see they are discontinued (some left on Amazon though.)  That's the probl",DonGateley,0
Headphones and Earphones Benchmarking Test Files,https://news.ycombinator.com/item?id=7685327,"Can anybody tell me why not all music or audio is recorded binaurally? Because it sounds incredibly realistic, I really do not understand why this is not used at all, not even released together with normal releases. Or at the movies or something. This is the first time in years I even see it mentioned and people sound all surprised and somewhat freaked out. It's not new technology or something, as far as I know anyway. My father happens to be an audiophile so that's why I happen to know, but it ",lucb1e,0
Headphones and Earphones Benchmarking Test Files,https://news.ycombinator.com/item?id=7685327,"The article mentions headphones priced from 500, 400, 300 and 40 USD. Anybody got any recommendations for something around 100-120 USD? I Currently have the Audio Technica ATH PRO5 MS and looking to upgrade. And I just saw aroch's link <a href=""https://news.ycombinator.com/item?id=7685820"" rel=""nofollow"">https:&#x2F;&#x2F;news.ycombinator.com&#x2F;item?id=7685820</a>",cantgethenode,0
Headphones and Earphones Benchmarking Test Files,https://news.ycombinator.com/item?id=7685327,"I've had a set of Sol Republic Tracks HD's (<a href=""http://www.solrepublic.com/"" rel=""nofollow"">http:&#x2F;&#x2F;www.solrepublic.com&#x2F;</a>) for a bit now, and absolutely love them. Their sound quality is amazing, especially lows.",nodesocket,0
Headphones and Earphones Benchmarking Test Files,https://news.ycombinator.com/item?id=7685327,"What's a nice pair of wireless headphones that are rechargable? I'm not interested a $500+ pair, but something a bit more mid-range. I'm tired of tangled wires and my imac sort of spoiled me in that regard.",sergiotapia,0
Headphones and Earphones Benchmarking Test Files,https://news.ycombinator.com/item?id=7685327,"I discovered that I have a ton of internal noise in the 17kHz to 22kHz range, so I cannot even hear those tones because they do not exceed the noise tones I apparently am hearing all the time.",bdamm,0
Headphones and Earphones Benchmarking Test Files,https://news.ycombinator.com/item?id=7685327,"I'd like to do some audio tests &#x2F; checks on some normal home theater speakers ... no headphones involved. Any reason not to use these, or are there better sample&#x2F;reference files for that ?",rsync,0
Headphones and Earphones Benchmarking Test Files,https://news.ycombinator.com/item?id=7685327,"You know what's funny?  After the left-right tests, I realized that I'd been wearing my headset wrong the whole time I owned them...  @@",PakG1,0
Headphones and Earphones Benchmarking Test Files,https://news.ycombinator.com/item?id=7685327,Happy to see Beyerdynamic finally getting some much needed love.,parkaboy,0
Headphones and Earphones Benchmarking Test Files,https://news.ycombinator.com/item?id=7685327,can anyone here comment on the S-Logic tech in Ultrasone headphones?,sizzle,0
Headphone and Amp Impedance (2011),https://news.ycombinator.com/item?id=39412198,"I find myself guilty of deep-diving into headfi-territory audiophilia once in a while, this time it got to me as well and I started thinking how neat it'd be to finally do it and get some high-end replacement for my 250 ohm dt990 pro cans, and I've heard both the hifman arya and sennheiser hd800s and know they are quite a lot better.. but THEN comes the amp question... and the rabbithole deepens.. and then the DAC and in the end I give up, every time.. this time too! I've also heard the o2 amp, ",dusted,0
Headphone and Amp Impedance (2011),https://news.ycombinator.com/item?id=39412198,"For context, the NwAvGuy O2 amp[0] design is pretty famous now. The dude even lays it down right there[1] in the comments of the linked article. And then soon after that iirc he just disappears? [0]: <a href=""https:&#x2F;&#x2F;nwavguy.blogspot.com&#x2F;2011&#x2F;07&#x2F;o2-headphone-amp.html"" rel=""nofollow"">https:&#x2F;&#x2F;nwavguy.blogspot.com&#x2F;2011&#x2F;07&#x2F;o2-headphone-amp.html</a>
[1]: <a href=""https:&#x2F;&#x2F;nwavguy.blogspot.com&#x2F;2011&#x2F;02&#x2F;headphone-amp-impedance.htm",boomskats,0
Headphone and Amp Impedance (2011),https://news.ycombinator.com/item?id=39412198,This whole blog is a treasure for new EEs.  The great mystery is that the author disappeared while working on a DAC revision but has kept their site running for over a decade.,willis936,0
Headphone and Amp Impedance (2011),https://news.ycombinator.com/item?id=39412198,"this is great, i've been reading a lot about headphone impedance this week, but from the perspective of 'i want to use 3.5mm jacks for super simple data communications and power for small devices, so how do i keep from burning out headphones if someone accidentally plugs them in' (also it turns out that these jacks briefly short-circuit as you plug and unplug them) because 'super simple' excludes power negotiation schemes like usb-c, whatever power i deliver to small devices is also available if",kragen,0
Headphone and Amp Impedance (2011),https://news.ycombinator.com/item?id=39412198,"I'm very skeptic of that 1&#x2F;8th rule. Usually output impedance should be as low as possible, so that the resistance added by the cable becomes negligible in comparison, and its intrinsic capacitance won't turn it into a low pass filter. Unless I'm missing something, at least in audio, amplifiers with lower output impedance are always better than those with higher output impedance.",squarefoot,0
Headphone and Amp Impedance (2011),https://news.ycombinator.com/item?id=39412198,"This is also why cheap resistive 3.5mm ""volume knobs"" sound like shit; they produce a high source impedance (as seen by the headphones), which causes frequency-dependent amplitude (and phase?) shifts of output sound (even before the potentiometer starts failing, causing the sound to crackle). A few years ago, I've built attenuators out of voltage dividers (using around 2-20 ohm resistors). Unfortunately at any given attenuation factor, there's a limit to how high of an impedance you can expose t",nyanpasu64,0
Headphone and Amp Impedance (2011),https://news.ycombinator.com/item?id=39412198,Q. What is the impedance of a bluetooth headphone? A. 32-100 ms depending on model. (This is a joke.),logicallee,0
Headphone and Amp Impedance (2011),https://news.ycombinator.com/item?id=39412198,Honestly I don’t know what reasonable headphone output today has these high output impedances. They’re all class D amplifiers with quite low impedance directly to the power supply. This 1&#x2F;8th rule is kind of pointless… you just specify output voltage drive at various loads and measure frequency response. Most do this very well. No need to faff about with damping of responses.,Kirby64,0
Headphone and Amp Impedance (2011),https://news.ycombinator.com/item?id=39412198,"This business of damping or lack thereof, is really just a frequency response change. The concern with the resonance of the speaker is overblown. When you boost a frequency range electronically with an equalizer, that is also resonance (electronic rather than mechanical). Instead of your speaker ringing for a couple of cycles, the circuit is doing it.",kazinator,0
Headphone and Amp Impedance (2011),https://news.ycombinator.com/item?id=39412198,Why don't sources try to measure the frequency response of the driver + cable + headphone circuit and apply a digital prefiltering step to compensate these distortions?,screcth,0
Headphone and Amp Impedance (2011),https://news.ycombinator.com/item?id=39412198,"Interesting. Does the 1&#x2F;8th rule apply to matching amplifiers with speakers as well, say for car audio?",lelanthran,0
Headphone and Amp Impedance (2011),https://news.ycombinator.com/item?id=39412198,[dead],Croline79,0
Headphone and Amp Impedance (2011),https://news.ycombinator.com/item?id=39412198,[dead],Freedomboy,0
Headphone and Amp Impedance (2011),https://news.ycombinator.com/item?id=39412198,"What I want is an electrical equivalent circuit, that models not only the ohmic losses but also the reactance and the output power. For different kinds of headphones and speakers. And then a way to tune the parameters in that model to an actual device.",amelius,0
Reverse engineering and dismantling Kekz headphones,https://news.ycombinator.com/item?id=41738552,"> We could brute force the 4 Bytes. Without any further assumption, this would be 255**4 possibilities, which is way to many. The author comes up with a much simpler attack in the end, but a 2^32 bruteforce would also have been perfectly doable, taking ~seconds with optimized code on modern hardware.",Retr0id,0
Reverse engineering and dismantling Kekz headphones,https://news.ycombinator.com/item?id=41738552,"It looks like this is a German product but the name in English is a meme. Making these play Shadilay would be top kek! After the connection, the files were gone and I was kinda puzzled, until I found the following code in the application [...] They seem to set the hidden Attribute on the first connect, so the files are not easily discovered. I'm surprised that people still leave that setting at the horrible default. Unhiding hidden files and file extensions is one of the first things I do to any",userbinator,0
Reverse engineering and dismantling Kekz headphones,https://news.ycombinator.com/item?id=41738552,"Awesome article. Just wondering, how can a hardware company voluntarily submit their device for reverse engineering and dismantling as a show of good faith? Given the right circumstances this is basically a free security audit and marketing for the company.",zkirill,0
Reverse engineering and dismantling Kekz headphones,https://news.ycombinator.com/item?id=41738552,"This is pretty interesting to me for two reasons. First, I just came back from Germany where I've seen that thing in a shop. Didn't have much time to investigate due to the kids, but guessed that it's just NFC chips with data on the headphores. Second, I've been thinking about building a simple MP3-player for my kids for quite a while now, and (minus the obfuscation there) that's not far from what I've been thinking about doing.",finaard,0
Reverse engineering and dismantling Kekz headphones,https://news.ycombinator.com/item?id=41738552,"Ugh: <pre><code>  ... the application tries not only uploading the ID3 Tags, but also geolocation data,
  which is most likely gathered from Wi-Fi triangulation from windows itself.
</code></pre>
That's likely breaking some EU GDPR rules, at the very least. Doesn't seem like that'd be an accidental thing?",justinclift,0
Reverse engineering and dismantling Kekz headphones,https://news.ycombinator.com/item?id=41738552,"The beginning of the article says the device ""work without any internet connection and all of the content already on the headphones itself"", then the device needs a Windows application downloads content from the Internet. I am a bit frustrated as isn't this just an MP3 player playing from SD card but put inside a headphone? Doesn't sound like an invention at all.",yftsui,0
Reverse engineering and dismantling Kekz headphones,https://news.ycombinator.com/item?id=41738552,"I love when people do this!
Now we only need alternative software and the hardware is finally purchasable! Would be cooler if the hardware was more OS before but I take what I can get…",augunrik,0
Reverse engineering and dismantling Kekz headphones,https://news.ycombinator.com/item?id=41738552,"What a wonderful article. I love step by step reverse engineering break downs. I did not expect to read about tracking in such a seemingly self-contained product. Paranoia level successfully raised. Never trust their silly ""terms"" and ""policies"" documents, they can change without your knowledge and the company will gaslight you about it. Never trust their proprietary software, reverse engineer it and implement a free software replacement.",matheusmoreira,0
Reverse engineering and dismantling Kekz headphones,https://news.ycombinator.com/item?id=41738552,"Great work, thanks for taking the time to write it up",msephton,0
Reverse engineering and dismantling Kekz headphones,https://news.ycombinator.com/item?id=41738552,Excellent work and interesting read.,throwaway48476,0
Reverse engineering and dismantling Kekz headphones,https://news.ycombinator.com/item?id=41738552,"Ouch, open Cosmos DB with geolocation logs publicly accessible...",taldo,0
Why are my headphones buzzing whenever I run my game?,https://news.ycombinator.com/item?id=46135627,"I run into a similar problem. I have a power-hungry GPU (3080) and CPU (9800X3D). All my audio equipment was on the same UPS (and therefore outlet) as my gaming PC. The result is that any time a particularly stressful game would be open, I'd get buzzing in the speakers. (Especially if the framerate was at 360) If you ask audiophiles online they will swear up and down that a cheater plug, balanced cables, or optical isolation will fix it - that will not fix it. It's not a ground problem. It's not",Night_Thastus,0
Why are my headphones buzzing whenever I run my game?,https://news.ycombinator.com/item?id=46135627,"I remember 15+ years ago reading about certain laptops (Dell?) that you could 'hear' scrolling on websites, somehow the video chip was interfering with the sound chips. I had one at the time it was pretty weird.",bluedino,0
Why are my headphones buzzing whenever I run my game?,https://news.ycombinator.com/item?id=46135627,"> A picking texture is a very simple idea. As the name says, it’s used to handle picking in the game, when you click somewhere on the screen (e.g. to select an unit), I use this texture to know what you clicked on. Instead of colors, every object instance writes their EntityID to this texture. Then, when you click the mouse, you check what id is in the pixel under the mouse position. Unrelated, but why? Querying a point in a basic quad tree takes microseconds, is there any benefit to overenginee",diath,0
Why are my headphones buzzing whenever I run my game?,https://news.ycombinator.com/item?id=46135627,"It's funny that apparently ""high performance"" DAC doesn't handle the common issue every single USB audio device have to worry about - noisy power. From the vendor page (on MODI 5, no idea which one author has). > SPECS THAT MATTER > Distortion: inaudible; 100-1000x lower than any transducer (speaker or headphone) you're using
> Noise: inaudible; far below a typical headphone or speaker amp",PunchyHamster,0
Why are my headphones buzzing whenever I run my game?,https://news.ycombinator.com/item?id=46135627,"The source is electrical noise, but the solution of isolating the audio chain from the computer's USB means that in the future you might not notice when you've introduced another GPU memory bandwidth hog into your rendering loop. Good story, though.",kevindamm,0
Why are my headphones buzzing whenever I run my game?,https://news.ycombinator.com/item?id=46135627,"I've been using optical connections for audio on my gaming PCs for decades now, exactly for this reason. Though wireless headphones will work just as well these days. Too many game developers mess this up (e.g. by having no frame limiter in the game menu) and many of them never fix these kinds of issues. Thanks for caring and fixing this in your game!",klamann,0
Why are my headphones buzzing whenever I run my game?,https://news.ycombinator.com/item?id=46135627,"I hit a similar issue on my MacBook Pro. Whenever I watched YouTube or streamed Spotify while playing a game, the audio broke into little ""clipping chirps"" and static. For me the culprit was Game Mode. I still don't really know what it does, but disabling it fixed everything. None of my games come close to stressing the CPU, yet Game Mode was throttling anything that wasn't the game. It was also on by default, which felt like a design miss. For MacOS, a better approach would be to check what's h",dbg31415,0
Why are my headphones buzzing whenever I run my game?,https://news.ycombinator.com/item?id=46135627,"25 years ago my 3.5mm jack headphones would buzz whenever I moved the mouse... Bzzzzzzzzz,tk, tk, tk ,tk, bzzzzzzz, tk, tk, tk, tk, tk....",lnx01,0
Why are my headphones buzzing whenever I run my game?,https://news.ycombinator.com/item?id=46135627,Not at all surprised to see that it's a Schiit DAC causing this problem,LM358,0
Why are my headphones buzzing whenever I run my game?,https://news.ycombinator.com/item?id=46135627,"Great write-up. This is basically spam but I want to specifically thank the author for pointing out their solution, because it's directly applicable to one of my own projects and I'm going to do it tonight! > There’s no need to download the whole texture each frame, just the part of the picking texture that’s under the mouse. So I implemented that and it worked and buzzing is gone. As a bonus, now it’s also not visible at all on the GPU trace.",kg,0
Why are my headphones buzzing whenever I run my game?,https://news.ycombinator.com/item?id=46135627,"I have a similar issue with Genshin on PS5 when using the headphone jack in the controller with IEMs (didn't happen with a headset). It starts buzzing in my left ear when I open the game menu or open the map. On the map it only buzzes when I move the cursor, interestingly enough. I later noticed that the PSU coil whine coincided with the same events. Still no idea why it's like that Thankfully doesn't happen with an external DAC.",asimovDev,0
Why are my headphones buzzing whenever I run my game?,https://news.ycombinator.com/item?id=46135627,"Which is why I consistently have told people to ensure that they pick a DAC which is powered independently if they intend to connect it via USB.  Schitt Audio makes great stuff (it's what I have sitting on my desk right now) which is designed in that way, but there's no magic formula to beat physics when you physically power an audio device over a connection that is vulnerable to induced noise. If you're trying to eliminate noise in your audio setup, the first and most important thing is having ",tristor,0
Why are my headphones buzzing whenever I run my game?,https://news.ycombinator.com/item?id=46135627,"Schiit Modi 2 is notorious to struggle with cleaning up USB power Example <a href=""https:&#x2F;&#x2F;www.audiosciencereview.com&#x2F;forum&#x2F;index.php?threads&#x2F;budget-dac-review-schiit-modi-2-99.1649&#x2F;"" rel=""nofollow"">https:&#x2F;&#x2F;www.audiosciencereview.com&#x2F;forum&#x2F;index.php?threads&#x2F;b...</a>",mistyvales,0
Why are my headphones buzzing whenever I run my game?,https://news.ycombinator.com/item?id=46135627,That's a common problem. It's electrical noise in your signal. The only way I know how to completely eliminate it is using external DA&#x2F;AD converters and connecting them to the PC using optical wires. We used MADI cards back in the studio back in the day.,Garvi,0
Why are my headphones buzzing whenever I run my game?,https://news.ycombinator.com/item?id=46135627,"I have a Modi DAC I've used for years with several different gaming and development rigs and I've never had a problem like this. Sounds like a failing component, maybe a capacitor or regulator—the article author should contact Schiit.",ericbarrett,0
Why are my headphones buzzing whenever I run my game?,https://news.ycombinator.com/item?id=46135627,Moving my cursor makes an audible sound over my (builtin) audio card. I always blamed inductors somewhere (noisy power). This has never not been the case with any desktop with built-in audio I have owned over the past 25+ years,thenthenthen,0
Why are my headphones buzzing whenever I run my game?,https://news.ycombinator.com/item?id=46135627,Not sure if it's related-- but anyone else get a buzz or pop in their headphone&#x2F;spear when loading certain web pages? I've been curious if this is some form of browser fingerprinting or just crappy speakers.,bitbasher,0
Why are my headphones buzzing whenever I run my game?,https://news.ycombinator.com/item?id=46135627,"Since switching to the $10ish Apple USB-C to headphone adapter vs. just plugging in my 3.5mm headset into the computer, the buzzing when gaming completely stopped for me. Cheap solution.",LUmBULtERA,0
Why are my headphones buzzing whenever I run my game?,https://news.ycombinator.com/item?id=46135627,"I had this problem on my Oculus Rift box (remember those? it still runs beat saber just fine) and the solution was to solder some beefy capacitors on the end of unused power cables coming out of the power supply. If I recall correctly it was the 12V line that did it, which I didn't expect. The buzz isn't completely gone but now I can't hear it unless I'm paying attention to it, which if I am playing beat saber, I'm not.",spiritplumber,0
Why are my headphones buzzing whenever I run my game?,https://news.ycombinator.com/item?id=46135627,"Reading through your post, it's likely the noise sourced from the network cable is coupling into your headset cable. Check how close those cables are to each other If you're using a USB port at the back for your DAC, try switching it to the front. The noise can also come from the power supply which couples into the motherboard's ground plane and shows up on all USB ports.",glitchc,0
Why are my headphones buzzing whenever I run my game?,https://news.ycombinator.com/item?id=46135627,"These effects used to be much worse in the nineties, often even if you had a fancy sound card. Electrical noise is significantly reduced now.",vardump,0
Why are my headphones buzzing whenever I run my game?,https://news.ycombinator.com/item?id=46135627,"> I am working on an isometric game inspired from Gnomoria, RimWorld, Dwarf Fortress, etc. That sounds interesting. Could you elaborate further?",pfcd,0
Why are my headphones buzzing whenever I run my game?,https://news.ycombinator.com/item?id=46135627,"Still a very common problem today and (aside from the need for more output channels or the need for professional mic preamps) the main reason people get USB audio interfaces. As for USB audio interfaces I really love what RME is doing with their TotalMix, but if you want bang for the buck Behringers UMC series is the place to be.",atoav,0
Why are my headphones buzzing whenever I run my game?,https://news.ycombinator.com/item?id=46135627,"I am a bit confused. Based on the earlier paragraphs, it hinted that the solution would be related to the frequency of the job, not necessarily its load (since other games do not have this issue), but then the fix was not changing the frequency but the load of the job. What am I missing?",SpaceManNabs,0
Why are my headphones buzzing whenever I run my game?,https://news.ycombinator.com/item?id=46135627,"There's a certain cinematic quality to this story... perhaps so much so that if it were to be included in an actual movie it would be seen as ""too over the top"" (i.e. CSI-like)",vanschelven,0
Why are my headphones buzzing whenever I run my game?,https://news.ycombinator.com/item?id=46135627,"anyone else get big audio buzz relief using the extra, three prong cable on their normally two prong apple laptop charger? it felt as good as having my wisdom teeth out after i switched",digitalsushi,0
Why are my headphones buzzing whenever I run my game?,https://news.ycombinator.com/item?id=46135627,Oddly I can't access the site.  The URL is 301-redirecting to itself in an infinite loop (which the browser finally stops and shows an error page).,amatecha,0
Why are my headphones buzzing whenever I run my game?,https://news.ycombinator.com/item?id=46135627,"I have this weird thing whenever I have headphones and open the Dota2 settings on my Mac, then I not only get buzzing but the overall sound quality plummets!",hlynurd,0
"After roasting Apple about headphone jacks, Google dumps it from Pixel 6A",https://news.ycombinator.com/item?id=31356405,"Good, and I'll keep avoiding phones that ditch the audio jack. And let me be clear - the 3.5mm jack is far from being the perfect way of transmitting and sending audio. It's a vestige from an analog world where you have to take impedence and resistance of the load into account, and I don't use it much myself. But the use-case where you have to stream music from your phone and you have just a humble set of speakers, an amplifier or some old headphones isn't that uncommon - especially for musician",blacklight,0
"After roasting Apple about headphone jacks, Google dumps it from Pixel 6A",https://news.ycombinator.com/item?id=31356405,"This does not seem to make sense given the sentiments I've seen from reviewers and consumers. Pixel 3A: widely praised for having a headphone jack Pixel 4A: widely praised for still having a headphone jack Pixel 5A: widely praised for still having a headphone jack Pixel 6A: no headphone jack Personally, I am not ready to give up the headphone jack. I wish I could go fully wireless, but bluetooth audio is too frustrating to use in many cases. For example, my family has a bluetooth speaker. Managi",oftenwrong,0
"After roasting Apple about headphone jacks, Google dumps it from Pixel 6A",https://news.ycombinator.com/item?id=31356405,I feel like I'll be stuck never being able to buy a new phone. Everyone is removing basic features like headphone jacks and sd card slots.,CosmicShadow,0
"After roasting Apple about headphone jacks, Google dumps it from Pixel 6A",https://news.ycombinator.com/item?id=31356405,"Having worked on Audio Codecs and even though my livelihood depends on it, I would like to say 3.5mm jacks suck! You need to figure out how much resistive and how much capacitive load any headphone has. You need to detect if it has mic, if it does is it US or China standard. Need to make sure that the DAC and amplifier don’t consume too much power yet have a good dynamic range for arbitrary cable length. Let the phone send digital audio data along with power using USB-C and have the earpieces pl",tonmoy,0
"After roasting Apple about headphone jacks, Google dumps it from Pixel 6A",https://news.ycombinator.com/item?id=31356405,"For years I swore I would never get wireless headphones.  I always made this mental mockery of running out of battery and not being able to use them.  But now that I have a pair - and ones that have noise cancellation, at that - I can't imagine not using them.  I plugged in headphones to my laptop once and it felt so clunky.  Never thought I would say that.",shepardrtc,0
"After roasting Apple about headphone jacks, Google dumps it from Pixel 6A",https://news.ycombinator.com/item?id=31356405,"I can only guess that no one at Google ever tried to use bluetooth headphones for anything serious. Or they would know that thanks to the gigantic latency, particularly on Android, with anything more demanding than videos those headphones are absolute trash, total garbage, useless junk and utter shit. But of course, Google never gave a flying fuck about audio on Android, so they didn't bother to check if it works reasonably. Bluetooth headphones make some noises when connected, so it must be fin",aasasd,0
"After roasting Apple about headphone jacks, Google dumps it from Pixel 6A",https://news.ycombinator.com/item?id=31356405,"I'm on my third pair of airpods, and have no plans to get another eventually. The first pair I misplaced(later to be found)...obviously my fault. But the second pair, the firmware is stuck in limbo where both buds have a different firmware version, both old. I took it to Apple and hilariously enough they have no process for forcing a firmware update. They literally said 'go home, try some stuff, hope it works, if it doesn't, come back and buy another pair'. The third pair the left bud has 50% au",mym1990,0
"After roasting Apple about headphone jacks, Google dumps it from Pixel 6A",https://news.ycombinator.com/item?id=31356405,"I spent a lot of time with a Pixel 3, and I'm happy with my Pixel 5A. The latter has a headphone jack; the former doesn't. With my Pixel 3, I replaced the fancy headphones several times, at a cost of about $30. I really did like the Google-brand headphones (they stay in very well while running), and I didn't find it inconvenient to be unable to charge while listening. But I really like being able to use very cheap earbuds. They break or get lost, I buy more. And they're available anywhere, while",jfengel,0
"After roasting Apple about headphone jacks, Google dumps it from Pixel 6A",https://news.ycombinator.com/item?id=31356405,"Isn't that normal though, Apple makes some design decision, everyone talks smack, a few years later everyone follows. And I hate the lack of headphone jacks on things.",bryanrasmussen,0
"After roasting Apple about headphone jacks, Google dumps it from Pixel 6A",https://news.ycombinator.com/item?id=31356405,"I feel like there's an adequate market for a phone case with a high quality headphone jack, extended battery, sd slot, etc. It shouldn't more than double the thickness",gfrff,0
"After roasting Apple about headphone jacks, Google dumps it from Pixel 6A",https://news.ycombinator.com/item?id=31356405,"If at all, the ""-a"" pixel phones should have traditional&#x2F;stable features like headphone jacks, fingerprint sensors on the back (no experimental&#x2F;slow in back of glass sensor) , and the ""smaller"" form factor.  It's really disappointing that this ""high&#x2F;low"" market is not exploited.",throw7,0
"After roasting Apple about headphone jacks, Google dumps it from Pixel 6A",https://news.ycombinator.com/item?id=31356405,"I've read through so many comments on the headphone jack debate throughout the years since they started removing them from phones, and I've still yet to see a fair justification for their removal. 
You can still use wireless earbuds perfectly fine on phones that include a headphone jack, so the argument that wireless earbuds are more convenient is moot. 
Arguing over the benefits and downsides of bluetooth do nothing to address the subject at hand, which is the removal of a feature that used to ",JuanSucks,0
"After roasting Apple about headphone jacks, Google dumps it from Pixel 6A",https://news.ycombinator.com/item?id=31356405,"For better or for worse, Apple is often ahead of the curve. They love to get rid of ports, but years after going all-in on USB C&#x2F;Thunderbolt for 2016 MacBook Pro models they actually backtracked and added some of the missing ports back (though I wish they'd kept 4 - or more! - USB C&#x2F;Thunderbolt ports!)",musicale,0
"After roasting Apple about headphone jacks, Google dumps it from Pixel 6A",https://news.ycombinator.com/item?id=31356405,"Samsung did the same thing. Headphone jack:
<a href=""https:&#x2F;&#x2F;9to5mac.com&#x2F;2019&#x2F;08&#x2F;08&#x2F;samsung-ads-mocking-iphones&#x2F;"" rel=""nofollow"">https:&#x2F;&#x2F;9to5mac.com&#x2F;2019&#x2F;08&#x2F;08&#x2F;samsung-ads-mocking-iphones&#x2F;</a> Charging brick: <a href=""https:&#x2F;&#x2F;www.theverge.com&#x2F;2020&#x2F;12&#x2F;23&#x2F;22197394&#x2F;samsung-deletes-ads-mocking-apple-charger"" rel=""nofollow"">https:&#x2F;&#x2F;www.theverge.com&#x2F;2020&#x2F;12&#x2F;23&#x2F;22197394",alphabettsy,0
"After roasting Apple about headphone jacks, Google dumps it from Pixel 6A",https://news.ycombinator.com/item?id=31356405,"Comparing the specs between the 5a vs the 6a right now, there don't seem to be any compelling reasons to wait. Other than the different placement of the fingerprint sensor, the only major difference seems to be the processor (Tensor vs Snapdragon). In fact, the battery in the 6a is a downgrade from the 5a (by sheer mAh if not by actual life), and you lose the headphone port. <a href=""https:&#x2F;&#x2F;www.tomsguide.com&#x2F;face-off&#x2F;google-pixel-6a-vs-pixel-5a-whats-different"" rel=""nofollow",robgibbons,0
"After roasting Apple about headphone jacks, Google dumps it from Pixel 6A",https://news.ycombinator.com/item?id=31356405,"Always copying, never leading.",hindsightbias,0
"After roasting Apple about headphone jacks, Google dumps it from Pixel 6A",https://news.ycombinator.com/item?id=31356405,My Xiaomi phone still has them. It is one of the reasons I bought it.,Shorel,0
"After roasting Apple about headphone jacks, Google dumps it from Pixel 6A",https://news.ycombinator.com/item?id=31356405,"Apple is the only company with some sort of vision for the smartphone. My issue is, I find their vision disgusting.",stodor89,0
"After roasting Apple about headphone jacks, Google dumps it from Pixel 6A",https://news.ycombinator.com/item?id=31356405,"Somehow, my Zenfone 8 has a headphone jack and nevertheless is IP68 and thin. These days, I buy phones based on whether or not they're suppored by Lineage, and if they have a headphone jack or not. That's it; that's the criteria.",yc-kraln,0
"After roasting Apple about headphone jacks, Google dumps it from Pixel 6A",https://news.ycombinator.com/item?id=31356405,"It's interesting that marketing teams at large companies sort of inherently lack long-term marketing consistency. Or at least, had the product team been in sync with the marketing team about their long-term vision of removing the headphone jack, then maybe they wouldn't have marketed the ""roast"".",rajnathani,0
"After roasting Apple about headphone jacks, Google dumps it from Pixel 6A",https://news.ycombinator.com/item?id=31356405,"Headphone jacks on mobile devices, especially mobile phones that you handle numerous times during the day, is a big problem. Personally, I almost destroyed my phone multiple times back when I wore wired headphones plugged into my phone. I'd get up my seat on a bus to get off and the wire would catch on the seat handle, pulling my ears and the phone off. I've damaged multiple headphone plugs this way and hurt my ears (I wore those stage in-ear monitors that go around the ear). Apple did a tremend",oxplot,0
"After roasting Apple about headphone jacks, Google dumps it from Pixel 6A",https://news.ycombinator.com/item?id=31356405,"Not having an audio jack sucks.  They said it’s because Bluetooth is the future and my phone can be .01mm thinner.  Well- I have AirPods and their battery life sucks.  They die before I get home.  I always lose the adapter.  It may be a first world problem, but it’s still a measurable regression in my quality of life.",FractalHQ,0
"After roasting Apple about headphone jacks, Google dumps it from Pixel 6A",https://news.ycombinator.com/item?id=31356405,"Is my understanding correct, that any wireless solution uses a lossless codec. Therefore the highest quality audio iPhone is the original wired SE from 2016. Any modern iPhone will have lower quality audio by design, no matter how good the wireless buds are.",FargaColora,0
"After roasting Apple about headphone jacks, Google dumps it from Pixel 6A",https://news.ycombinator.com/item?id=31356405,"I have  a Pixel 3 here.  It doesn't have a 3.5mm jack either, and it's a pity.",gjvc,0
"After roasting Apple about headphone jacks, Google dumps it from Pixel 6A",https://news.ycombinator.com/item?id=31356405,Sometimes I read the comments about the headphone Jack and it’s like. How did we move from VHS to DVD to BluRay to Streaming with all these people who are so attached to the past they can’t move on…,philliphaydon,0
"After roasting Apple about headphone jacks, Google dumps it from Pixel 6A",https://news.ycombinator.com/item?id=31356405,how about two usb ports.  that way one serves as an output for Audio,kgbcia,0
"After roasting Apple about headphone jacks, Google dumps it from Pixel 6A",https://news.ycombinator.com/item?id=31356405,They're making it very easy to identify what we should avoid.,hitovst,0
"After roasting Apple about headphone jacks, Google dumps it from Pixel 6A",https://news.ycombinator.com/item?id=31356405,And the 5a has a broken jack. The volume up button starts the assistant and there is no way to configure it. If the assistant is disabled it does nothing. Whoever thought that was a good idea?,bjoli,0
"After roasting Apple about headphone jacks, Google dumps it from Pixel 6A",https://news.ycombinator.com/item?id=31356405,"I guess we need the mobile phone equivalent of Framework laptop, with interchangeable ports&#x2F;slots.",yumraj,0
"After roasting Apple about headphone jacks, Google dumps it from Pixel 6A",https://news.ycombinator.com/item?id=31356405,I used to be such a Google fanboy that I made my career as an Android developer for the last 10 years. But nowadays I'm disgusted by the company and am cynical of every product announcement. I resent feeling like I have to pay attention to the soulless Google I&#x2F;O. I'm thinking of switching careers even if it means a significant pay cut.,guelo,0
Homebrew Bluetooth Headphones,https://news.ycombinator.com/item?id=32375128,"I have converted my old Beyer Dynamic DT 770 to Bluetooth [1] and used them daily for past 6 months and I recommend this BT module over what is listed on that website: <a href=""https:&#x2F;&#x2F;www.gotronik.pl&#x2F;odbiornik-bluetooth-50-audio-aptxll-qcc3008-przetwornica-5v-p-8185.html"" rel=""nofollow"">https:&#x2F;&#x2F;www.gotronik.pl&#x2F;odbiornik-bluetooth-50-audio-aptxll-...</a> It has 5V stepdown converter and Li-Po charger as well as amplifier integrated on board. Cheap USB-C Li-Po charge",terramex,0
Homebrew Bluetooth Headphones,https://news.ycombinator.com/item?id=32375128,"These look nice! I have also been making my own headphones. I recently posted a twitter thread with build instructions if anyone wants to make them. [1] Notable difference is that mine are simpler to build, though less integrated. I use an off the shelf bluetooth to 3.5mm adapter rather than one of those integrated boards (I did recently buy an integrated board to test out). The off the shelf bluetooth adapter just plugs in to the short 3.5mm cable I build in to the headphones, which has the adv",TaylorAlexander,0
Homebrew Bluetooth Headphones,https://news.ycombinator.com/item?id=32375128,> They sound awesome – on par with pairs that cost around $200 I don't know. The problem is that $20 pairs often sound on par with ones that cost around $200. But the ones that cost around $200 have much better ANC than the $20 ones. You can definitely tell on an airplane. And these don't have noise cancelling at all.,pxx,0
Homebrew Bluetooth Headphones,https://news.ycombinator.com/item?id=32375128,"Apologies for hijacking the thread. If anyone is interested in building high quality digital uncompressed and very low latency phones, speakers and other audio devices, I've found a while ago this doc about a pair of modules promising some impressive performance. <a href=""http:&#x2F;&#x2F;www.vastera.com.tw&#x2F;1&#x2F;PDF&#x2F;DIO-S003B.pdf"" rel=""nofollow"">http:&#x2F;&#x2F;www.vastera.com.tw&#x2F;1&#x2F;PDF&#x2F;DIO-S003B.pdf</a> Unfortunately so far I haven't been able to find any seller.",squarefoot,0
Homebrew Bluetooth Headphones,https://news.ycombinator.com/item?id=32375128,I just wanted to be able to use 18650 cells in my headphones & never worry about battery life.,DarthNebo,0
Homebrew Bluetooth Headphones,https://news.ycombinator.com/item?id=32375128,"Found a wired version
<a href=""https:&#x2F;&#x2F;www.instructables.com&#x2F;DIY-3D-Printed-Headphones&#x2F;"" rel=""nofollow"">https:&#x2F;&#x2F;www.instructables.com&#x2F;DIY-3D-Printed-Headphones&#x2F;</a>",thatcat,0
Homebrew Bluetooth Headphones,https://news.ycombinator.com/item?id=32375128,"I really want long range bluetooth, from one side of my house to the other. I like to walk around while on calls and range sucks. I looked into bodypack solutions but it’s receive or transmit, can’t find transceivers.",dijonman2,0
Homebrew Bluetooth Headphones,https://news.ycombinator.com/item?id=32375128,"This rules! I have one of this bluetooth chip but mine didn’t come with the breakout pre-soldered & I’m struggling to solder them myself, thinking I should try paste + heat gun. I believe you can also can change the name that the BT module broadcasts if you have an FTDI to USB cable (or something with UART pins like an Arduino). (You can also just change the “display name” on your iOS device bluetooth settings but it is just the name your device shows. I’m guessing this is doable on Android and ",tehwebguy,0
Homebrew Bluetooth Headphones,https://news.ycombinator.com/item?id=32375128,"I believe the CSR chipsets have some programming tools available as well, so you can change things like the voice prompts to your liking (many of the cheap modules seem to come with the infamous ""the Bluetooth device is ready to pair"" meme sound) and adjust the device name.",userbinator,0
Homebrew Bluetooth Headphones,https://news.ycombinator.com/item?id=32375128,"How practical is homebrew open codec support, like building Bluetooth headphones or receivers with software&#x2F;hardware Opus decoding support (as opposed to conflict-of-interest proprietary codecs that the Bluetooth standards authors add to the standards, then profit from license fees)?",nyanpasu64,0
Homebrew Bluetooth Headphones,https://news.ycombinator.com/item?id=32375128,"I stocked up on Urbanears Plattan 2 during the last sale, they are both bluetooth and cable headphones but you need to buy the cable yourself, I bought kramer cables. For $25 a pair they are easily the best headphones I have ever had, my last pair was a Plattan 1 that lasted 8 years!!! (cable broke once)",bullen,0
Homebrew Bluetooth Headphones,https://news.ycombinator.com/item?id=32375128,"The homebrewer in me was like ""what do headphones have to do with brewing""",skeyo,0
Homebrew Bluetooth Headphones,https://news.ycombinator.com/item?id=32375128,"Small side note on Bluetooth: I regularly use four devices (phone, tablet, laptop, desktop) and I have two pairs of headphones (in ear and over ear). Since it’s 2022 and we have so much amazing technology all around us, these are the two things I’m missing: I’d like to be able to use any combination of these without pairing again and I’d also really like to stay connected while I’m listening to something or having a conversation. Is this really too much to ask for? Now the funny thing is that it",harha,0
Homebrew Bluetooth Headphones,https://news.ycombinator.com/item?id=32375128,"Very cool, would be curious to know battery life Vs audio quality but very impressive non the less",rob_c,0
Homebrew Bluetooth Headphones,https://news.ycombinator.com/item?id=32375128,The instructions recommend to print with ABS. Any reason for not going for PETG or PLA ?,melkael,0
Homebrew Bluetooth Headphones,https://news.ycombinator.com/item?id=32375128,"The whole bluetooth headhones situation is a little ironic. Us Linux types remember how long it took until the MP3 patents expired for us to stop having to add non-free repos everywhere and being treated as the ugly cousin because we couldn't support such a universal codec out of the box. Fast forward today, and we're back at square one because everyone and their mother wants some new codec to make bluetooth audio quality suck not so bad. (Bluetooth couldn't do better than SBC out of the box? re",intsunny,0
How do MRI Headphones work? (2022),https://news.ycombinator.com/item?id=39816152,>The only headphone tech that I was aware of or that I'd ever really considered I guess I'm old now because this style of headphone was present on every model of passenger aircraft in the sky when I was a young adult.,snakeyjake,0
How do MRI Headphones work? (2022),https://news.ycombinator.com/item?id=39816152,"I was intrigued to see a lady at the crosswalk the other day wearing earbuds with thick tubing instead of wires. Googling it, I discovered they were ""EMF free headphones"". Apparently enough people think electromagnetic radiation in the ears is a problem that there are now dozens of these headphones on the market that put the driver half way along the cord, with tubes proceeding to the earpiece.",FriedPickles,0
How do MRI Headphones work? (2022),https://news.ycombinator.com/item?id=39816152,"They also use a similar mechanism for the ""get me out of here ASAP"" panic button [0] that staff place in your hand and tell you to squeeze if required, all it does is detect a change in air pressure on the other end of the tubing. [0] <a href=""https:&#x2F;&#x2F;www.mriequip.com&#x2F;store&#x2F;pc&#x2F;MRI-Non-Magnetic-Magnalarm-Patient-Panic-Alarm-p295.htm"" rel=""nofollow"">https:&#x2F;&#x2F;www.mriequip.com&#x2F;store&#x2F;pc&#x2F;MRI-Non-Magnetic-Magnalarm...</a>",cuonic,0
How do MRI Headphones work? (2022),https://news.ycombinator.com/item?id=39816152,"This guy also has a post about the hierarchy of socks and underwear which resonated with me. <a href=""https:&#x2F;&#x2F;tomlingham.com&#x2F;articles&#x2F;an-unfortunate-hierarchy-of-socks-and-underwear&#x2F;"" rel=""nofollow"">https:&#x2F;&#x2F;tomlingham.com&#x2F;articles&#x2F;an-unfortunate-hierarchy-of-...</a>",focusedone,0
How do MRI Headphones work? (2022),https://news.ycombinator.com/item?id=39816152,"Completely tangential story. A few months back I was getting an MRI. I stashed my belt, coins, keys, and phone. The machine started its clicking and thumping when I realized I had my wedding band on my ring finger. Immediately my mind raced to a video I once saw of an MRI machine propelling a fire extinguisher across the room. I braced for my finger to be torn off while I slowly took the wedding band off using only one hand. Luckily it stayed put through the whole scan and nothing happened.",koliber,0
How do MRI Headphones work? (2022),https://news.ycombinator.com/item?id=39816152,"One of my favorite ISMRM posters that I saw in Toronto years ago was titled something like ""a low-cost MRI-compatible communication system"". It was really well written and you had to look at the photos to fully realize it was actually two Dixie cups connected by a string.",fluidcruft,0
How do MRI Headphones work? (2022),https://news.ycombinator.com/item?id=39816152,"High-end headphone brand Audeze recently made an electrostatic headphone that works in MRI machines.[1] No air tubes needed and much better sound quality (and much more expensive). [1]: <a href=""https:&#x2F;&#x2F;www.audeze.com&#x2F;blogs&#x2F;audeze-journal&#x2F;press-release-for-the-audeze-and-smrt-image-collaboration-for-crbn-electrostatic-mri-headphones"" rel=""nofollow"">https:&#x2F;&#x2F;www.audeze.com&#x2F;blogs&#x2F;audeze-journal&#x2F;press-release-fo...</a>",DavidVoid,0
How do MRI Headphones work? (2022),https://news.ycombinator.com/item?id=39816152,I made the mistake of brining an episode of 99% Invisible to an MRI. The sound quality is so bad that you barely can't make out voices. It was excruciating to listen to something I could almost understand for that time.,timvdalen,0
How do MRI Headphones work? (2022),https://news.ycombinator.com/item?id=39816152,"I thought these were a nice idea when I had my MRI the other day, little did I know that I would barely be able to hear anything over the noise of the MRI machine. Ear plugs were better, kept out the noise of the MRI machine and let me drift into a trance.",djhope99,0
How do MRI Headphones work? (2022),https://news.ycombinator.com/item?id=39816152,"Ok, interesting, makes sense. Next, explain to me why the MRI machine does not... take itself apart? In an MRI machine without a cover you can see all kinds of micro and macro machinery, cables, fans, plating, sensors, magnetrons, pulse transformators, gun drivers... Pretty much each of those parts would be pulled through the room and get stuck to the MRI machine if brought in individually, or am I wrong? <a href=""https:&#x2F;&#x2F;www.google.com&#x2F;search?q=mri+without+cover&tbm=isch"" rel=""no",Traubenfuchs,0
How do MRI Headphones work? (2022),https://news.ycombinator.com/item?id=39816152,I must be from a different era because a cup and string was well known as a kid as a way of transmitting sound. This is a very similar process.,birdman3131,0
How do MRI Headphones work? (2022),https://news.ycombinator.com/item?id=39816152,"Ahh, memories.  Roughly 20 years ago, I took part in a research experiment which had as its aim to figure out which brain areas were involved when a blind person reads Braille.  TL;DR: They had a hypothesis, which was mostly confirmed.  It happens in the visual cortex.  Anyways, back then, MRI was still newish tech.  FMRI wasnt used much in typical medical settings, but for research.  As part of the deal, the MRI technicians did share a lot of gossip and random knowledge during the rather long p",lynx23,0
How do MRI Headphones work? (2022),https://news.ycombinator.com/item?id=39816152,So how do the microphones that you use to talk to the tech in the MRI machine work?,slowtokyo,0
How do MRI Headphones work? (2022),https://news.ycombinator.com/item?id=39816152,"> I'm not allowed to have any metals or magnetic materials on me. Loose or easily dislodged materials. My belt buckle was ok to keep on. Had to empty my pockets, take off my ring, metal piercings are disallowed. You don’t want gobs of belongings piling up on your magnet, and you don’t want something large enough to pin the human between it and the magnet. The first scenario is quite expensive to rectify. The second is quite expensive, quite painful, probably fatal, and certainly traumatic.",jagged-chisel,0
How do MRI Headphones work? (2022),https://news.ycombinator.com/item?id=39816152,"These are popular with two-way radios, where they're called acoustic tube earbuds. I'd guess the tube is longer in an MRI, though.",jlarocco,0
How do MRI Headphones work? (2022),https://news.ycombinator.com/item?id=39816152,"Interesting, sound kind of like a stethoscope. I bought a kind of unusual type of headphone from aliexpress a little while ago, that essentially consists of an induction loop you wear round your neck and tiny magnets you put in your ear, I'm somewhat scared to try them out as I don't especially want them to get stuck in my ear.",anfractuosity,0
How do MRI Headphones work? (2022),https://news.ycombinator.com/item?id=39816152,"Tangential, I saw an episode of House where he put a patient with medical implants into an MRI and they ran it for a few seconds till the burning was too painful. Was this realistic?",aitchnyu,0
How do MRI Headphones work? (2022),https://news.ycombinator.com/item?id=39816152,I haven't flown for many years; but I think I remember airline headphones that were connected to the seat-handle with a hollow plastic tube. They were awful.,denton-scratch,0
How do MRI Headphones work? (2022),https://news.ycombinator.com/item?id=39816152,"This is exactly how headphones on passenger airlines worked several decades ago, until about 1990.",fortran77,0
How do MRI Headphones work? (2022),https://news.ycombinator.com/item?id=39816152,So they work like a stethoscope. Would they sound better if they used a liquid instead of air for the conduction?,amelius,0
How do MRI Headphones work? (2022),https://news.ycombinator.com/item?id=39816152,What options exist for something superior? These headphones are awful,EnzymeFestival,0
How do MRI Headphones work? (2022),https://news.ycombinator.com/item?id=39816152,tldr it's a pneumatic tube like a stethoscope. these used to be used within aircraft as well for inflight entertainment.,riffic,0
"Where we're going, we don't need headphones",https://news.ycombinator.com/item?id=14582187,"I agree with the same concerns that Raimo and Markus have. It's not just acoustic noise, it's also visual noise. I face the entry to our open floor plan office and every time someone walks in I can't help but look to see who it is. One man offices are cheap and by far the most productive work environment for software development. Any software development organization that's not investing in them isn't thinking strategically. Engineers should be able to face somewhere that's not distracting, and ",valuearb,0
"Where we're going, we don't need headphones",https://news.ycombinator.com/item?id=14582187,"> ""Get... ceiling baffles for the whole office."" Yes please! At least this. For some reason there has been this huge trend with new buildings to just have exposed concrete ceilings and HVAC plant. Why? Seemingly because it's ""cool"" and how the ""start ups"" do it. (Back when a start up meant working from a low cost warehouse.) But ceiling baffles were there for a very good reason, to dampen and prevent reflection of noise in office spaces. How did we forget this? EDIT: (At the last place I worked ",erentz,0
"Where we're going, we don't need headphones",https://news.ycombinator.com/item?id=14582187,"I'm not sure the problem is with the physical decibel level of office noise at all. My workplace is silent as a tomb, we all have our own offices with closing doors, and I still bring headphones to work. Sure, even something little as phone chatter can be distracting, but the main distractions come from people just passing by and saying 'hi', or worse, actually needing something from me and interrupting my work. Headphones and a closed door tend to signal that I'm busy, but even then someone wil",nulagrithom,0
"Where we're going, we don't need headphones",https://news.ycombinator.com/item?id=14582187,"Something about this doesn't feel right, I want to call it ""passive aggressive"" but that doesn't feel right either. In an open office I've always felt that headphones were the best solution to the need for peace. I feel like spontaneous dialog would be cut short by this solution more often than being moved. I guess what works for one may not work for another, and the frequency and varying views on this topic reminds me of the ""tabs vs spaces"" discussions. p.s. tabs",voidwtf,0
"Where we're going, we don't need headphones",https://news.ycombinator.com/item?id=14582187,"We are asked not to lead with negativity on HN, but once in a while an article comes through that just screams out as requiring an exception. Asking people to reduce the noise level is straight up a horrible idea. Especially the obnoxious &#x2F;noisy command and the nanny state thinking it encourages. I thrive and get in the zone when there is plenty of noise and varied conversation around me. I know that many people feel the same way. A quiet office is the worst for maintaining focus, as then a",natch,0
"Where we're going, we don't need headphones",https://news.ycombinator.com/item?id=14582187,"Sometimes people wear headphones because they find listening to music helps them work, regardless of the noise level in the office.",djhworld,0
"Where we're going, we don't need headphones",https://news.ycombinator.com/item?id=14582187,I wouldn't have to wear AirPods beneath 30dB landscaper earmuffs to get shit done if management would do something about the 5% of noisy people polluting the common space we all have to sit in.  The best office layout would be the one that puts the inconsiderate primates behind soundproofing.,pklausler,0
"Where we're going, we don't need headphones",https://news.ycombinator.com/item?id=14582187,"Slightly OT, but any recommendations for an alternative to music with headphones? The reason I'm asking is because I don't think I could concentrate with any form of music. I tried some ""fake cafe sound"" and I still felt distracted (more than I do in a real cafe). White noise? Ear plugs? Binaural beats? I actually work from home with my wife across the desk. We have a relatively quiet environment, with no or very low volume music playing. 
I'm not hyper sensitive to noise at all. But I would sti",gingerlime,0
"Where we're going, we don't need headphones",https://news.ycombinator.com/item?id=14582187,"I have read dozens of articles like this and as a developer, it would be great to work at a place like that: WFH option, non-open plan layout &#x2F; 4-man offices. But the people who want that are rarely the ones in a position to implement that sort of environment. So nothing ever changes.",gaza3g,0
"Where we're going, we don't need headphones",https://news.ycombinator.com/item?id=14582187,"As a software engineer, unfortunately, the sound sources that drive me to the edge of insanity are things like loud typing, or hands fishing around for chips in a bag. While I feel totally comfortable asking people to quiet down a conversation, there is something too personal about asking someone to consider, specifically, how must force they drop down on the space bar. I like the idea behind &#x2F;noisey, but I feel like I may be alone in being concerned that no one would register these fringe ",noahdesu,0
"Where we're going, we don't need headphones",https://news.ycombinator.com/item?id=14582187,"Depending on roles, it can make sense to do the following: - have reservable floating offices and various sized-conference rooms w&#x2F; doors - some dedicated offices w&#x2F; doors - some open layout for pair coding, but not exclusively - some casual multipurpose hangout&#x2F;couch meeting&#x2F;work&#x2F;relax areas - remote work from home, coffee-shop, beach, mountain top, etc. - perhaps an discreet workspace indicator (web + IoT physical) that says (perhaps using color codes): - out for the d",burntrelish1273,0
"Where we're going, we don't need headphones",https://news.ycombinator.com/item?id=14582187,"My current office is pretty ideal for me.  We have 6 devs, and we sit in a room with a door.  It's quiet, but we can hear if there is a concern or something going on that requires attention. The issue with single person offices is that you'll miss when somebody is discussing an issue they're having, maybe they mention it offhandedly, and you know the solution. That said, I would still vastly prefer an office to myself than a god awful open-floor bullshit abomination.  How anybody can work in tha",wry_discontent,0
"Where we're going, we don't need headphones",https://news.ycombinator.com/item?id=14582187,"I increasingly suspect visual and auditory noise are symptoms rather than problems. The underlying problem may boil down to this: while easy collaboration helps us be productive, having our own space also helps us be productive. Here's an idea: every worker should get their own big desk, maybe an L-shaped one, with file cabinets and ample storage, and even shelves and walls behind the desk that they could put up memos, calendars, whatever. But they don't have to be completely walled-off little o",chipotle_coyote,0
"Where we're going, we don't need headphones",https://news.ycombinator.com/item?id=14582187,"The traffic light reminds me of SoundEar [1], noise monitors which were popular in Swedish classrooms fifteen years ago (and might still be). It worked well in my seventh grade classroom. I'm not so sure about the red light being manual trigger only. I think it's better to decide objectively on what the desirable noise level should be. [1]: <a href=""http:&#x2F;&#x2F;soundear.com&#x2F;"" rel=""nofollow"">http:&#x2F;&#x2F;soundear.com&#x2F;</a>",nemetroid,0
"Where we're going, we don't need headphones",https://news.ycombinator.com/item?id=14582187,"The company I work for has open plan offices — it's a US company with multiple offices worldwide. The specific one I work from is small, and devs and non-devs are _mixed_ together. Whenever I tried to bring up noise-related issues and made specific proposals, I felt I was ignored because of
a) clash of cultures (non-devs might not understand&#x2F;value ""being in the zone"" [1]),
b) spending money in sound-proofing is seen as a cost, not an investment. What worries me the most is that in the cours",julenx,0
"Where we're going, we don't need headphones",https://news.ycombinator.com/item?id=14582187,"> "" This is where Noisy comes into play, a small Slackbot I wrote that enables people to anonymously raise the issue for everyone else to see"" It's a good idea, but it might be counterproductive to message everyone that they're being too noisey; that might contribute to the noise",polygot,0
"Where we're going, we don't need headphones",https://news.ycombinator.com/item?id=14582187,I am so happy to work 100% remote. Interruptions and noise are real productivity killers to me.,atemerev,0
"Where we're going, we don't need headphones",https://news.ycombinator.com/item?id=14582187,"> ""I assembled this chart to show how this can already have an impact five days into the experiment..."" <a href=""https:&#x2F;&#x2F;rradczewski.github.io&#x2F;ymmv&#x2F;assets&#x2F;office_noise_noisy_invocations.png"" rel=""nofollow"">https:&#x2F;&#x2F;rradczewski.github.io&#x2F;ymmv&#x2F;assets&#x2F;office_noise_noisy...</a> I don't think this chart demonstrates your point. Don't you want people to eventually stop needing to use Noisy at all? As of now the chart just shows that more people are fami",aarohmankad,0
"Where we're going, we don't need headphones",https://news.ycombinator.com/item?id=14582187,"I often have the opposite problem. We are like 15 people in our office, and some are very sound sensitive.
I feel like I can't even properly discuss things with my other colleagues or even peer program out of fear of disturbing the others. If you are really that sensitive get earplugs, instead of cussing at others!",Double_a_92,0
"Where we're going, we don't need headphones",https://news.ycombinator.com/item?id=14582187,"I'm a big fan of this. Work environments should be optimized for productivity. Most software is a team sport, so they should generally be optimized for team productivity. What that means will be different for everybody. But for me I've had the best results with team-specific spaces that have some visual and noise isolation from other teams and wandering interruptions. I also like to have clear separate space for non-whole-team discussions and for hanging out. Places where everybody gets in and c",wpietri,0
"Where we're going, we don't need headphones",https://news.ycombinator.com/item?id=14582187,">  GitHub, Slack, Screenhero, Hangout etc will make sure nothing gets lost and we stay up to date. Except for that you miss being challenged at the soccer table … just sayin’. Sometimes when you're not there at the meeting in person, your point isn't taken as seriously.",sabujp,0
"Where we're going, we don't need headphones",https://news.ycombinator.com/item?id=14582187,I like the idea of acoustic padding and visual blockers. My desk is in a darker area with lots of conversation and visual noise. Can anyone recommend how to set up padding and simulate sunlight without being weird&#x2F;blinding others?,rjeli,0
"Where we're going, we don't need headphones",https://news.ycombinator.com/item?id=14582187,"Hopefully when we start using voice activation as much as we now use the mouse, then the open office space will become a thing of the past. One can hope.",the6threplicant,0
"Where we're going, we don't need headphones",https://news.ycombinator.com/item?id=14582187,"I've read so many articles about people who can't stand noisy offices, but the only complaint I've ever heard from co-workers IRL is the office being too quiet. If it's quiet, no one is collaborating.",tootie,0
"Where we're going, we don't need headphones",https://news.ycombinator.com/item?id=14582187,"What I dislike even more than noise, is smoking. Smokers stink all day, sometimes smoke gets in via doors&#x2F;windows and wind streams, it has always been my worst trouble, to avoid that",caub,0
Noise-canceling headphones without the headphone,https://news.ycombinator.com/item?id=25543360,"Edit: they cheated, this isn't ANC and will never work as ANC. See below. This sounds pretty fundamentally different from normal ANC. A common misconception is that ANC headphones ""predict"" the incoming noise and cancel it (and thus ""they're good with constant noise but not sudden changes""). In reality they're just hybrid open-loop&#x2F;closed-loop feedback systems. Specifically, the mic inside the cavity works with the speaker as a closed loop system to equalize the pressure inside in real time",marcan_42,0
Noise-canceling headphones without the headphone,https://news.ycombinator.com/item?id=25543360,"Always great to see development in this domain. IWAENC and Silentium come to mind as the forefront. I hope one day the researchers will realize that they are trying to cancel the wrong source. Instead of cancelling noise external to the human, the real breakthrough will be to cancel the human voice. This will confer privacy and other benefits in areas of increased population density. I would prefer a smartphone to have a feature like that than an incrementally snazzy camera, for example.",ngneer,0
Noise-canceling headphones without the headphone,https://news.ycombinator.com/item?id=25543360,">wearing active noise canceling headphones for extended periods of time can be uncomfortable and even cause injury Does anyone know what  type(s) of injury is this referring to, how long is too long and how widespread&#x2F;likely it is?",JBiserkov,0
Noise-canceling headphones without the headphone,https://news.ycombinator.com/item?id=25543360,My new Ram 2500 diesel has active noise canceling and is the quietest ICE vehicle I’ve ever been in. Probably quieter than electric vehicles at high speeds.,mattmaroon,0
Noise-canceling headphones without the headphone,https://news.ycombinator.com/item?id=25543360,"I work in this area. There's a huge runway in front of us for both products and technology. 'Acoustic Holography' has worked for some time, commercial implementations have been few and far between, mostly because what's in the market is already selling boatloads without it. It'll come eventually, there are a few groups dedicated to it. A successful anchor in that space will allow companies to go deeper into applications. Acoustic room splitting, Silence on demand, etc.",thepostoffice,0
Noise-canceling headphones without the headphone,https://news.ycombinator.com/item?id=25543360,"I wonder if it is possible to mount a noise-cancelling device directly on the source of noise, for example, on a circular saw? The frequency of sound waves from a particular tool is pretty predictable and I can imagine a device with a mic or a vibrometer and speakers that clips directly to a tool and suppresses most of noise from this particular source. I've been using ANC headphones since I started woodworking in the garage and it works for me but not for my neighbours. Soundproofing the garage",select-all,0
Noise-canceling headphones without the headphone,https://news.ycombinator.com/item?id=25543360,"I expected them to be put elsewhere in the plane. For instance, my office has a floor with exposed AC units, and ""noise-cancelling""[1] machines next to them that remove most of the sound of the AC. I wonder if something similar could be done for planes. [1] Not sure exactly what the name of this device is.",yellow_lead,0
Noise-canceling headphones without the headphone,https://news.ycombinator.com/item?id=25543360,"I thought this was already in planes, such as Dash 8 (Q400) -- noise cancellation, although for the general cabin, not the individual seat passenger: <a href=""https:&#x2F;&#x2F;www.flightglobal.com&#x2F;quiet-revolution&#x2F;31793.article"" rel=""nofollow"">https:&#x2F;&#x2F;www.flightglobal.com&#x2F;quiet-revolution&#x2F;31793.article</a> <a href=""https:&#x2F;&#x2F;apps.dtic.mil&#x2F;sti&#x2F;pdfs&#x2F;ADA446777.pdf"" rel=""nofollow"">https:&#x2F;&#x2F;apps.dtic.mil&#x2F;sti&#x2F;pdfs&#x2F;ADA446777.",supernova87a,0
Noise-canceling headphones without the headphone,https://news.ycombinator.com/item?id=25543360,"""So they used a remote acoustic sensing system built around a laser Doppler vibrometer (LDV), which measures non-contact vibrations over a wide range. In their tests, they placed a tiny, jewelry-sized, retro-reflective membrane in the ear as a pick-up for the LDV."" 
These sound curious: these are the devices that three letter agencies have used to suss out sound from glass, aren't they? <a href=""https:&#x2F;&#x2F;en.wikipedia.org&#x2F;wiki&#x2F;Laser_Doppler_vibrometer"" rel=""nofollow"">https:&#x2",thadk,0
Noise-canceling headphones without the headphone,https://news.ycombinator.com/item?id=25543360,I use a pair of bone conduction headphones and have some cheap earplugs. Better than any ANC headphone&#x2F;earbud I’ve ever had at cancelling noise. You also don’t get that negative ear pressure or buzzing and they can be quite comfortable. I can be in the middle of a construction site or on a plane and not hear a thing. The one drawback is the sound quality but I’m not exactly an audiophile and tbh the newer bone conduction headphones sound fine to me.,qualitypaper,0
Noise-canceling headphones without the headphone,https://news.ycombinator.com/item?id=25543360,"I remember, years ago, a video on TED of a guy presenting working technology for generating sound using collapsing waves from multiple sources, so you can have sound limited to desired volume or cancel noise, so you could have silence next to a busy highway, etc. He was boasting high interest from military. His page&#x2F;name and the video went offline soon after.",gala8y,0
Noise-canceling headphones without the headphone,https://news.ycombinator.com/item?id=25543360,"Gosh, if this makes it into airplanes and such I hope there will be a way to turn it off, I've not yet encountered an ANC  headset that does not make me dizzy. Sure some sounds are reduced, but they give this strange ""pressure"" in my head, hard to explain, like being several meters under the water.",dusted,0
Noise-canceling headphones without the headphone,https://news.ycombinator.com/item?id=25543360,"Is this a heat engine? Feels like it has to be obeying the laws of thermodynamics and something has to get hot  managing the pressure wave density in air. I'm guessing the speaker magnets and coils heat up. Play enough noise, and the system will explode into fire...",ggm,0
Noise-canceling headphones without the headphone,https://news.ycombinator.com/item?id=25543360,I get 'vertigo' from ANC headphones. This sounds like my personal hell,cheeze,0
Noise-canceling headphones without the headphone,https://news.ycombinator.com/item?id=25543360,"To me, it seems pretty obvious this can't work. The cancelling signal from your seat will have to be cancelled by all the other seats and vice versa, creating a feedback loop.",validuser,0
Noise-canceling headphones without the headphone,https://news.ycombinator.com/item?id=25543360,Does anyone here already tried ANC on these new true wireless earbuds ? Does a better better isolation always imply to a better sound quality ?,up6w6,0
Noise-canceling headphones without the headphone,https://news.ycombinator.com/item?id=25543360,"ANC headphones are great for low-frequency (bass) sounds. But with cheap headphones I find I can still hear speech. I think new housing uses mass loaded vinyl to prevent high frequency sounds from passing through walls - perhaps heavy, 1lb or 1kg headphones with ANC are the solution for experiencing real silence in e.g. a busy workspace? Does anyone have an idea if material weight or density is a big factor in sound insulation? Along with air-tight sealing.",evross,0
Passengers who refuse to use headphones can now be kicked off United flights,https://news.ycombinator.com/item?id=47469417,"Is this really a thing?!? Blasting the others with unwanted noise. I never been in a flight, or train across Europe where passengers showed just lack of respect for the others. The only ones pumping anything loud, on trains or busses, usually get quickly pointed down by other passengers, personal or security. Ah, and then there are the rebellious kids or gangs, as the other exception, which usually don't take flights anyway.",pjmlp,0
Passengers who refuse to use headphones can now be kicked off United flights,https://news.ycombinator.com/item?id=47469417,"Discussion (18 points, 15 days ago, 15 comments) <a href=""https:&#x2F;&#x2F;news.ycombinator.com&#x2F;item?id=47276399"">https:&#x2F;&#x2F;news.ycombinator.com&#x2F;item?id=47276399</a>",gnabgib,0
Passengers who refuse to use headphones can now be kicked off United flights,https://news.ycombinator.com/item?id=47469417,We need to also ban people taking calls on speaker in public places like cafes or trains.,SilverElfin,0
Passengers who refuse to use headphones can now be kicked off United flights,https://news.ycombinator.com/item?id=47469417,"An app you can use to play back their audio on a short delay that messes with the brain <a href=""https:&#x2F;&#x2F;github.com&#x2F;Pankajtanwarbanna&#x2F;stfu"" rel=""nofollow"">https:&#x2F;&#x2F;github.com&#x2F;Pankajtanwarbanna&#x2F;stfu</a>",verdverm,0
Passengers who refuse to use headphones can now be kicked off United flights,https://news.ycombinator.com/item?id=47469417,"At cruising altitude, I hope.",mikkupikku,0
Passengers who refuse to use headphones can now be kicked off United flights,https://news.ycombinator.com/item?id=47469417,"Feels less like malice and more like people just not thinking about others. Still, on a plane you’re stuck for hours—rules like this make sense.",lucasay,0
Passengers who refuse to use headphones can now be kicked off United flights,https://news.ycombinator.com/item?id=47469417,"PSA: get an etymotic in ear phones, play some quiet music, and forget you're flying. Those things become your eardrums. <a href=""https:&#x2F;&#x2F;etymotic.com&#x2F;product&#x2F;er2xr-earphones&#x2F;"" rel=""nofollow"">https:&#x2F;&#x2F;etymotic.com&#x2F;product&#x2F;er2xr-earphones&#x2F;</a>",dalmo3,0
Passengers who refuse to use headphones can now be kicked off United flights,https://news.ycombinator.com/item?id=47469417,"I assume it's about blasting others with noise, not company sponsored headphones.",HPsquared,0
Passengers who refuse to use headphones can now be kicked off United flights,https://news.ycombinator.com/item?id=47469417,"They tell people not to do it on busses but it still happens, typically people are more respectful at night but not always. However I never worry about terrorists on the bus, they would get jacked up fast",b3ing,0
Passengers who refuse to use headphones can now be kicked off United flights,https://news.ycombinator.com/item?id=47469417,"I don't understand how people can stand the sound of the plane itself and whatever they're listening to on top of that. I consider IEMs or ANC TWS to be necessary whenever I'm on a flight, and that's even without listening to anything else.",userbinator,0
Passengers who refuse to use headphones can now be kicked off United flights,https://news.ycombinator.com/item?id=47469417,Good.,temporallobe,0
Passengers who refuse to use headphones can now be kicked off United flights,https://news.ycombinator.com/item?id=47469417,They should be stripped of all citizenship and left to live out their life roaming the airport. But this is a start.,standardUser,0
Passengers who refuse to use headphones can now be kicked off United flights,https://news.ycombinator.com/item?id=47469417,I first interpreted the title as meaning you must use the cheapo free headphones and aren’t allowed to use your own.,keiferski,0
Passengers who refuse to use headphones can now be kicked off United flights,https://news.ycombinator.com/item?id=47469417,I was a passenger that was asked NOT to use the headphones regularly. Not from USA though,latand6,0
Passengers who refuse to use headphones can now be kicked off United flights,https://news.ycombinator.com/item?id=47469417,How do you kick someone off a flight?,kuba-orlik,0
Passengers who refuse to use headphones can now be kicked off United flights,https://news.ycombinator.com/item?id=47469417,"Yes! Now do the same on beaches, busses, streets. Same punishment: banishment from the area.",dmitrygr,0
Passengers who refuse to use headphones can now be kicked off United flights,https://news.ycombinator.com/item?id=47469417,This sounds like a USA problem..,hxorr,0
Passengers who refuse to use headphones can now be kicked off United flights,https://news.ycombinator.com/item?id=47469417,"Obligatory Spock  <a href=""https:&#x2F;&#x2F;www.youtube.com&#x2F;watch?v=Gr82dZpCr48"" rel=""nofollow"">https:&#x2F;&#x2F;www.youtube.com&#x2F;watch?v=Gr82dZpCr48</a>",petermcneeley,0
Passengers who refuse to use headphones can now be kicked off United flights,https://news.ycombinator.com/item?id=47469417,"Ok, but how about kicking sick people off of flights, particularly trans continental?",raggi,0
Passengers who refuse to use headphones can now be kicked off United flights,https://news.ycombinator.com/item?id=47469417,"Good, now do the same for public transit.",paxys,0
Passengers who refuse to use headphones can now be kicked off United flights,https://news.ycombinator.com/item?id=47469417,[flagged],osti,0
Passengers who refuse to use headphones can now be kicked off United flights,https://news.ycombinator.com/item?id=47469417,[dead],fleroviumna,0
Passengers who refuse to use headphones can now be kicked off United flights,https://news.ycombinator.com/item?id=47469417,[flagged],nexxuz,0
Passengers who refuse to use headphones can now be kicked off United flights,https://news.ycombinator.com/item?id=47469417,"On one hand I understand why this exists, but on the other hand, I don't think it is even necessary. There is so much noise during the flight, and combined with lower atmospheric pressure I can barely hear what steward standing next to me is saying.",general1465,0
Passengers who refuse to use headphones can now be kicked off United flights,https://news.ycombinator.com/item?id=47469417,I agree with the policy but this is such a mild offense. Just a few years ago in the US there was an epidemic of drunk people savagely beating flight attendants. People who cannot figure out how to share use of shared space should lose access to those places.,austin-cheney,0
Passengers who refuse to use headphones can now be kicked off United flights,https://news.ycombinator.com/item?id=47469417,"Airlines have been quietly expanding what they can remove you for. This isn't really about headphones. It's about how much discretion crew have now and how little recourse you have at 35,000 feet.",ashwinnair99,0
